{
    "ModelName": "StaticLinear",
    "InformationSpeed": 0.1,
    "PhysicalActivityStdDev": 0.06,
    "RuralPrevalence": [
        {
            "Name": "Under18",
            "Female": 0.626739964429027,
            "Male": 0.624047373841401
        },
        {
            "Name": "Over18",
            "Female": 0.587936516771846,
            "Male": 0.583313018464474
        }
    ],
    "IncomeModels": {
        "Low": {
            "Intercept": 0.0,
            "Coefficients": {}
        },
        "Middle": {
            "Intercept": -0.0683240814272077,
            "Coefficients": {
                "Gender": 0.032217497176628,
                "Over18": 0.298055376100666,
                "Sector": -0.383372795038086
            }
        },
        "High": {
            "Intercept": -0.0427919974409829,
            "Coefficients": {
                "Gender": 0.0447125663820498,
                "Over18": 0.619113033863595,
                "Sector": -1.39658672904111
            }
        }
    },
    "RiskFactorModels": {
        "FoodCarbohydrate": {
            "Lambda": 0.303030303030303,
            "StdDev": 0.323546436042623,
            "Range": [22.09977, 1797.988],
            "Intercept": -0.163564941825921,
            "Coefficients": {
                "Gender": 0.001909201186864,
                "Age": -0.000212546757902497,
                "Age2": 1.87236401928853e-7,
                "Age3": -1.13592924060027e-8,
                "Sector": 0.0583895658455863,
                "Income": 0.0516596927242407
            },
            "Policy": {
                "Range": [-4.918, 0.404],
                "Intercept": -0.171344217225662,
                "Coefficients": {
                    "Gender": 0.0183948208971391,
                    "Age": 0.000926993281023871,
                    "Sector": 0.134077356312224,
                    "Income": -0.115353440198608
                },
                "LogCoefficients": {
                    "FoodCarbohydrate": 0.145339936528385,
                    "FoodFat": -0.286853243431103,
                    "FoodProtein": 0.11130379270284,
                    "FoodSodium": -0.0311864666971515
                }
            }
        },
        "FoodFat": {
            "Lambda": 0.141414141414141,
            "StdDev": 0.464325512741348,
            "Range": [1.093948, 561.4858],
            "Intercept": -0.554488757309044,
            "Coefficients": {
                "Gender": 0.00102119865887904,
                "Age": -0.00462679326537629,
                "Age2": 5.47946635530975e-5,
                "Age3": -2.39659075915002e-7,
                "Sector": -0.0863212060348545,
                "Income": 0.302938242093029
            },
            "Policy": {
                "Range": [-7.015, 0.15],
                "Intercept": 0.495599118759801,
                "Coefficients": {
                    "Gender": 0.0244955702309662,
                    "Age": 0.00171729799501133,
                    "Sector": 0.227837996590274,
                    "Income": -0.456578278931016
                },
                "LogCoefficients": {
                    "FoodCarbohydrate": -0.251471399821528,
                    "FoodFat": 0.360440769096678,
                    "FoodProtein": 0.024866932670147,
                    "FoodSodium": -0.175655436909976
                }
            }
        },
        "FoodProtein": {
            "Lambda": 0.141414141414141,
            "StdDev": 0.316612639385793,
            "Range": [3.649882, 309.119],
            "Intercept": -0.253982902057632,
            "Coefficients": {
                "Gender": 0.00230009880181239,
                "Age": -0.000940138272923037,
                "Age2": 6.05566801607947e-6,
                "Age3": -2.30866807307216e-8,
                "Sector": 0.0228382301683487,
                "Income": 0.113898881231242
            },
            "Policy": {
                "Range": [-6.095, 1.028],
                "Intercept": 1.49569973966966,
                "Coefficients": {
                    "Gender": 0.0336038478088128,
                    "Age": 0.00146013778471961,
                    "Sector": 0.185983469127983,
                    "Income": -0.18825787479932
                },
                "LogCoefficients": {
                    "FoodCarbohydrate": -0.257988542318971,
                    "FoodFat": -0.20005865365651,
                    "FoodProtein": 0.527143160015993,
                    "FoodSodium": -0.183599409065525
                }
            }
        },
        "FoodSodium": {
            "Lambda": 0.181818181818182,
            "StdDev": 0.42022134002726,
            "Range": [9.986686, 45379.46],
            "Intercept": -0.186646397184792,
            "Coefficients": {
                "Gender": 0.00324988697857038,
                "Age": -0.000823686051671132,
                "Age2": 1.08381456533309e-5,
                "Age3": -8.59404983799456e-8,
                "Sector": 0.00601589219498129,
                "Income": 0.0661571251934935
            },
            "Policy": {
                "Range": [-7.27, 0.013],
                "Intercept": -1.6277282701014,
                "Coefficients": {
                    "Gender": 0.0159621698452668,
                    "Age": 0.00077775351315838,
                    "Sector": 0.17655921335024,
                    "Income": -0.180101572666912
                },
                "LogCoefficients": {
                    "FoodCarbohydrate": -0.22143430950782,
                    "FoodFat": -0.229223312652166,
                    "FoodProtein": -0.0380896985667644,
                    "FoodSodium": 0.441414759067725
                }
            }
        }
    },
    "RiskFactorCorrelationFile": {
        "name": "residual_risk_factor_correlation.csv",
        "format": "csv",
        "delimiter": ",",
        "encoding": "ASCII",
        "columns": {
            "FoodCarbohydrate": "double",
            "FoodFat": "double",
            "FoodProtein": "double",
            "FoodSodium": "double"
        }
    },
    "PolicyCovarianceFile": {
        "name": "residual_policy_covariance.csv",
        "format": "csv",
        "delimiter": ",",
        "encoding": "ASCII",
        "columns": {
            "FoodCarbohydrate": "double",
            "FoodFat": "double",
            "FoodProtein": "double",
            "FoodSodium": "double"
        }
    }
}
