"","carb_residuals","fat_residuals","protein_residuals","sodium_residuals"
"carb_residuals",1,0.319276234889833,0.847135311200973,0.423261981605558
"fat_residuals",0.319276234889833,1,0.52649640526819,0.317652194438071
"protein_residuals",0.847135311200973,0.52649640526819,1,0.381948942900898
"sodium_residuals",0.423261981605558,0.317652194438071,0.381948942900898,1
