,FoodCarbohydrate,FoodFat,FoodProtein,FoodSodium
FoodCarbohydrate,1,0.319276235,0.847135311,0.423261982
FoodFat,0.319276235,1,0.526496405,0.317652194
FoodProtein,0.847135311,0.526496405,1,0.381948943
FoodSodium,0.423261982,0.317652194,0.381948943,1
