,slope,std
income_quintile1,0.177830556,0.053539077
income_quintile2,0.183229934,0.05075619
income_quintile3,0.169314354,0.054756586
income_quintile4,0.16000318,0.051571429
income_quintile5,0.155544242,0.050218181
