,slope,std
income_quintile1,0.184930452864971,0.052390625
income_quintile2,0.186144776389973,0.0570625
income_quintile3,0.169326889793537,0.052390625
income_quintile4,0.198436047099833,0.0360390625
income_quintile5,0.198924985722067,0.038375
