Gender,Age,Age2,Education,Employment,HLS,Smoking,PhysicalActivity,BMI,MedicationAdherence,SBP
1,0,0,,,,,,,,
1,0,0,,,,,,,,
1,0,0,,,,,,,,
1,0,0,,,,,,,,
1,0,0,,,,,,,,
1,0,0,,,,,,,,
1,0,0,,,,,,,,
1,0,0,,,,,,,,
1,0,0,,,,,,,,
1,0,0,,,,,,,,
1,0,0,,,,,,,,
1,0,0,,,,,,,,
1,0,0,,,,,,,,
1,0,0,,,,,,,,
1,0,0,,,,,,,,
1,0,0,,,,,,,,
1,0,0,,,,,,,,
1,0,0,,,,,,,,
1,0,0,,,,,,,,
1,0,0,,,,,,,,
1,0,0,,,,,,,,
1,0,0,,,,,,,,
1,0,0,,,,,,,,
1,0,0,,,,,,,,
1,0,0,,,,,,,,
1,0,0,,,,,,,,
1,0,0,,,,,,,,
1,0,0,,,,,,,,
1,0,0,,,,,,,,
1,0,0,,,,,,,,
1,0,0,,,,,,,,
1,0,0,,,,,,,,
1,0,0,,,,,,,,
1,0,0,,,,,,,,
1,0,0,,,,,,,,
1,0,0,,,,,,,,
1,0,0,,,,,,,,
1,0,0,,,,,,,,
1,0,0,,,,,,,,
1,0,0,,,,,,,,
1,1,1,,,,,,,,
1,1,1,,,,,,,,
1,1,1,,,,,,,,
1,1,1,,,,,,,,
1,1,1,,,,,,,,
1,1,1,,,,,,,,
1,1,1,,,,,,,,
1,1,1,,,,,,,,
1,1,1,,,,,,,,
1,1,1,,,,,,,,
1,1,1,,,,,,,,
1,1,1,,,,,,,,
1,1,1,,,,,,,,
1,1,1,,,,,,,,
1,1,1,,,,,,,,
1,1,1,,,,,,,,
1,1,1,,,,,,,,
1,1,1,,,,,,,,
1,1,1,,,,,,,,
1,1,1,,,,,,,,
1,1,1,,,,,,,,
1,1,1,,,,,,,,
1,1,1,,,,,,,,
1,1,1,,,,,,,,
1,1,1,,,,,,,,
1,1,1,,,,,,,,
1,1,1,,,,,,,,
1,1,1,,,,,,,,
1,1,1,,,,,,,,
1,1,1,,,,,,,,
1,1,1,,,,,,,,
1,1,1,,,,,,,,
1,1,1,,,,,,,,
1,1,1,,,,,,,,
1,1,1,,,,,,,,
1,1,1,,,,,,,,
1,1,1,,,,,,,,
1,1,1,,,,,,,,
1,1,1,,,,,,,,
1,1,1,,,,,,,,
1,1,1,,,,,,,,
1,1,1,,,,,,,,
1,1,1,,,,,,,,
1,1,1,,,,,,,,
1,1,1,,,,,,,,
1,2,4,,,,,,,,
1,2,4,,,,,,,,
1,2,4,,,,,,,,
1,2,4,,,,,,,,
1,2,4,,,,,,,,
1,2,4,,,,,,,,
1,2,4,,,,,,,,
1,2,4,,,,,,,,
1,2,4,,,,,,,,
1,2,4,,,,,,,,
1,2,4,,,,,,,,
1,2,4,,,,,,,,
1,2,4,,,,,,,,
1,2,4,,,,,,,,
1,2,4,,,,,,,,
1,2,4,,,,,,,,
1,2,4,,,,,,,,
1,2,4,,,,,,,,
1,2,4,,,,,,,,
1,2,4,,,,,,,,
1,2,4,,,,,,,,
1,2,4,,,,,,,,
1,2,4,,,,,,,,
1,2,4,,,,,,,,
1,2,4,,,,,,,,
1,2,4,,,,,,,,
1,2,4,,,,,,,,
1,2,4,,,,,,,,
1,2,4,,,,,,,,
1,2,4,,,,,,,,
1,2,4,,,,,,,,
1,2,4,,,,,,,,
1,2,4,,,,,,,,
1,2,4,,,,,,,,
1,2,4,,,,,,,,
1,2,4,,,,,,,,
1,2,4,,,,,,,,
1,2,4,,,,,,,,
1,2,4,,,,,,,,
1,2,4,,,,,,,,
1,2,4,,,,,,,,
1,2,4,,,,,,,,
1,2,4,,,,,,,,
1,2,4,,,,,,,,
1,2,4,,,,,,,,
1,3,9,,,,,,,,
1,3,9,,,,,,,,
1,3,9,,,,,,,,
1,3,9,,,,,,,,
1,3,9,,,,,,,,
1,3,9,,,,,,,,
1,3,9,,,,,,,,
1,3,9,,,,,,,,
1,3,9,,,,,,,,
1,3,9,,,,,,,,
1,3,9,,,,,,,,
1,3,9,,,,,,,,
1,3,9,,,,,,,,
1,3,9,,,,,,,,
1,3,9,,,,,,,,
1,3,9,,,,,,,,
1,3,9,,,,,,,,
1,3,9,,,,,,,,
1,3,9,,,,,,,,
1,3,9,,,,,,,,
1,3,9,,,,,,,,
1,3,9,,,,,,,,
1,3,9,,,,,,,,
1,3,9,,,,,,,,
1,3,9,,,,,,,,
1,3,9,,,,,,,,
1,3,9,,,,,,,,
1,3,9,,,,,,,,
1,3,9,,,,,,,,
1,3,9,,,,,,,,
1,3,9,,,,,,,,
1,3,9,,,,,,,,
1,3,9,,,,,,,,
1,3,9,,,,,,,,
1,3,9,,,,,,,,
1,3,9,,,,,,,,
1,3,9,,,,,,,,
1,3,9,,,,,,,,
1,3,9,,,,,,,,
1,3,9,,,,,,,,
1,3,9,,,,,,,,
1,3,9,,,,,,,,
1,3,9,,,,,,,,
1,3,9,,,,,,,,
1,4,16,,,,,,,,
1,4,16,,,,,,,,
1,4,16,,,,,,,,
1,4,16,,,,,,,,
1,4,16,,,,,,,,
1,4,16,,,,,,,,
1,4,16,,,,,,,,
1,4,16,,,,,,,,
1,4,16,,,,,,,,
1,4,16,,,,,,,,
1,4,16,,,,,,,,
1,4,16,,,,,,,,
1,4,16,,,,,,,,
1,4,16,,,,,,,,
1,4,16,,,,,,,,
1,4,16,,,,,,,,
1,4,16,,,,,,,,
1,4,16,,,,,,,,
1,4,16,,,,,,,,
1,4,16,,,,,,,,
1,4,16,,,,,,,,
1,4,16,,,,,,,,
1,4,16,,,,,,,,
1,4,16,,,,,,,,
1,4,16,,,,,,,,
1,4,16,,,,,,,,
1,4,16,,,,,,,,
1,4,16,,,,,,,,
1,4,16,,,,,,,,
1,4,16,,,,,,,,
1,4,16,,,,,,,,
1,4,16,,,,,,,,
1,4,16,,,,,,,,
1,4,16,,,,,,,,
1,4,16,,,,,,,,
1,4,16,,,,,,,,
1,4,16,,,,,,,,
1,4,16,,,,,,,,
1,4,16,,,,,,,,
1,4,16,,,,,,,,
1,4,16,,,,,,,,
1,4,16,,,,,,,,
1,4,16,,,,,,,,
1,5,25,,,,,,,,
1,5,25,,,,,,,,
1,5,25,,,,,,,,
1,5,25,,,,,,,,
1,5,25,,,,,,,,
1,5,25,,,,,,,,
1,5,25,,,,,,,,
1,5,25,,,,,,,,
1,5,25,,,,,,,,
1,5,25,,,,,,,,
1,5,25,,,,,,,,
1,5,25,,,,,,,,
1,5,25,,,,,,,,
1,5,25,,,,,,,,
1,5,25,,,,,,,,
1,5,25,,,,,,,,
1,5,25,,,,,,,,
1,5,25,,,,,,,,
1,5,25,,,,,,,,
1,5,25,,,,,,,,
1,5,25,,,,,,,,
1,5,25,,,,,,,,
1,5,25,,,,,,,,
1,5,25,,,,,,,,
1,5,25,,,,,,,,
1,5,25,,,,,,,,
1,5,25,,,,,,,,
1,5,25,,,,,,,,
1,5,25,,,,,,,,
1,5,25,,,,,,,,
1,5,25,,,,,,,,
1,5,25,,,,,,,,
1,5,25,,,,,,,,
1,5,25,,,,,,,,
1,5,25,,,,,,,,
1,5,25,,,,,,,,
1,5,25,,,,,,,,
1,5,25,,,,,,,,
1,5,25,,,,,,,,
1,5,25,,,,,,,,
1,5,25,,,,,,,,
1,5,25,,,,,,,,
1,5,25,,,,,,,,
1,6,36,2,,,,,,,
1,6,36,2,,,,,,,
1,6,36,2,,,,,,,
1,6,36,2,,,,,,,
1,6,36,2,,,,,,,
1,6,36,2,,,,,,,
1,6,36,2,,,,,,,
1,6,36,2,,,,,,,
1,6,36,2,,,,,,,
1,6,36,2,,,,,,,
1,6,36,2,,,,,,,
1,6,36,2,,,,,,,
1,6,36,2,,,,,,,
1,6,36,2,,,,,,,
1,6,36,2,,,,,,,
1,6,36,2,,,,,,,
1,6,36,2,,,,,,,
1,6,36,2,,,,,,,
1,6,36,2,,,,,,,
1,6,36,2,,,,,,,
1,6,36,2,,,,,,,
1,6,36,2,,,,,,,
1,6,36,2,,,,,,,
1,6,36,2,,,,,,,
1,6,36,2,,,,,,,
1,6,36,2,,,,,,,
1,6,36,2,,,,,,,
1,6,36,2,,,,,,,
1,6,36,2,,,,,,,
1,6,36,2,,,,,,,
1,6,36,2,,,,,,,
1,6,36,2,,,,,,,
1,6,36,2,,,,,,,
1,6,36,2,,,,,,,
1,6,36,2,,,,,,,
1,6,36,2,,,,,,,
1,6,36,2,,,,,,,
1,6,36,2,,,,,,,
1,6,36,2,,,,,,,
1,6,36,2,,,,,,,
1,6,36,2,,,,,,,
1,6,36,2,,,,,,,
1,6,36,2,,,,,,,
1,6,36,2,,,,,,,
1,6,36,2,,,,,,,
1,6,36,2,,,,,,,
1,6,36,2,,,,,,,
1,6,36,2,,,,,,,
1,6,36,2,,,,,,,
1,6,36,2,,,,,,,
1,6,36,2,,,,,,,
1,6,36,2,,,,,,,
1,6,36,2,,,,,,,
1,6,36,2,,,,,,,
1,6,36,2,,,,,,,
1,6,36,2,,,,,,,
1,6,36,2,,,,,,,
1,7,49,2,,,,,,,
1,7,49,2,,,,,,,
1,7,49,2,,,,,,,
1,7,49,2,,,,,,,
1,7,49,2,,,,,,,
1,7,49,2,,,,,,,
1,7,49,2,,,,,,,
1,7,49,2,,,,,,,
1,7,49,2,,,,,,,
1,7,49,2,,,,,,,
1,7,49,2,,,,,,,
1,7,49,2,,,,,,,
1,7,49,2,,,,,,,
1,7,49,2,,,,,,,
1,7,49,2,,,,,,,
1,7,49,2,,,,,,,
1,7,49,2,,,,,,,
1,7,49,2,,,,,,,
1,7,49,2,,,,,,,
1,7,49,2,,,,,,,
1,7,49,2,,,,,,,
1,7,49,2,,,,,,,
1,7,49,2,,,,,,,
1,7,49,2,,,,,,,
1,7,49,2,,,,,,,
1,7,49,2,,,,,,,
1,7,49,2,,,,,,,
1,7,49,2,,,,,,,
1,7,49,2,,,,,,,
1,7,49,2,,,,,,,
1,7,49,2,,,,,,,
1,7,49,2,,,,,,,
1,7,49,2,,,,,,,
1,7,49,2,,,,,,,
1,7,49,2,,,,,,,
1,7,49,2,,,,,,,
1,7,49,2,,,,,,,
1,7,49,2,,,,,,,
1,7,49,2,,,,,,,
1,7,49,2,,,,,,,
1,7,49,2,,,,,,,
1,7,49,2,,,,,,,
1,7,49,2,,,,,,,
1,7,49,2,,,,,,,
1,7,49,2,,,,,,,
1,7,49,2,,,,,,,
1,7,49,2,,,,,,,
1,7,49,2,,,,,,,
1,7,49,2,,,,,,,
1,7,49,2,,,,,,,
1,7,49,2,,,,,,,
1,7,49,2,,,,,,,
1,7,49,2,,,,,,,
1,7,49,2,,,,,,,
1,7,49,2,,,,,,,
1,7,49,2,,,,,,,
1,8,64,2,,,,,,,
1,8,64,2,,,,,,,
1,8,64,2,,,,,,,
1,8,64,2,,,,,,,
1,8,64,2,,,,,,,
1,8,64,2,,,,,,,
1,8,64,2,,,,,,,
1,8,64,2,,,,,,,
1,8,64,2,,,,,,,
1,8,64,2,,,,,,,
1,8,64,2,,,,,,,
1,8,64,2,,,,,,,
1,8,64,2,,,,,,,
1,8,64,2,,,,,,,
1,8,64,2,,,,,,,
1,8,64,2,,,,,,,
1,8,64,2,,,,,,,
1,8,64,2,,,,,,,
1,8,64,2,,,,,,,
1,8,64,2,,,,,,,
1,8,64,2,,,,,,,
1,8,64,2,,,,,,,
1,8,64,2,,,,,,,
1,8,64,2,,,,,,,
1,8,64,2,,,,,,,
1,8,64,2,,,,,,,
1,8,64,2,,,,,,,
1,8,64,2,,,,,,,
1,8,64,2,,,,,,,
1,8,64,2,,,,,,,
1,8,64,2,,,,,,,
1,8,64,2,,,,,,,
1,8,64,2,,,,,,,
1,8,64,2,,,,,,,
1,8,64,2,,,,,,,
1,8,64,2,,,,,,,
1,8,64,2,,,,,,,
1,8,64,2,,,,,,,
1,8,64,2,,,,,,,
1,8,64,2,,,,,,,
1,8,64,2,,,,,,,
1,8,64,2,,,,,,,
1,8,64,2,,,,,,,
1,8,64,2,,,,,,,
1,8,64,2,,,,,,,
1,8,64,2,,,,,,,
1,8,64,2,,,,,,,
1,8,64,2,,,,,,,
1,8,64,2,,,,,,,
1,8,64,2,,,,,,,
1,8,64,2,,,,,,,
1,8,64,2,,,,,,,
1,8,64,2,,,,,,,
1,8,64,2,,,,,,,
1,8,64,2,,,,,,,
1,8,64,2,,,,,,,
1,8,64,2,,,,,,,
1,8,64,2,,,,,,,
1,8,64,2,,,,,,,
1,9,81,2,,,,,,,
1,9,81,2,,,,,,,
1,9,81,2,,,,,,,
1,9,81,2,,,,,,,
1,9,81,2,,,,,,,
1,9,81,2,,,,,,,
1,9,81,2,,,,,,,
1,9,81,2,,,,,,,
1,9,81,2,,,,,,,
1,9,81,2,,,,,,,
1,9,81,2,,,,,,,
1,9,81,2,,,,,,,
1,9,81,2,,,,,,,
1,9,81,2,,,,,,,
1,9,81,2,,,,,,,
1,9,81,2,,,,,,,
1,9,81,2,,,,,,,
1,9,81,2,,,,,,,
1,9,81,2,,,,,,,
1,9,81,2,,,,,,,
1,9,81,2,,,,,,,
1,9,81,2,,,,,,,
1,9,81,2,,,,,,,
1,9,81,2,,,,,,,
1,9,81,2,,,,,,,
1,9,81,2,,,,,,,
1,9,81,2,,,,,,,
1,9,81,2,,,,,,,
1,9,81,2,,,,,,,
1,9,81,2,,,,,,,
1,9,81,2,,,,,,,
1,9,81,2,,,,,,,
1,9,81,2,,,,,,,
1,9,81,2,,,,,,,
1,9,81,2,,,,,,,
1,9,81,2,,,,,,,
1,9,81,2,,,,,,,
1,9,81,2,,,,,,,
1,9,81,2,,,,,,,
1,9,81,2,,,,,,,
1,9,81,2,,,,,,,
1,9,81,2,,,,,,,
1,9,81,2,,,,,,,
1,9,81,2,,,,,,,
1,9,81,2,,,,,,,
1,9,81,2,,,,,,,
1,9,81,2,,,,,,,
1,9,81,2,,,,,,,
1,9,81,2,,,,,,,
1,9,81,2,,,,,,,
1,9,81,2,,,,,,,
1,9,81,2,,,,,,,
1,9,81,2,,,,,,,
1,10,100,2,,,,,,,
1,10,100,2,,,,,,,
1,10,100,2,,,,,,,
1,10,100,2,,,,,,,
1,10,100,2,,,,,,,
1,10,100,2,,,,,,,
1,10,100,2,,,,,,,
1,10,100,2,,,,,,,
1,10,100,2,,,,,,,
1,10,100,2,,,,,,,
1,10,100,2,,,,,,,
1,10,100,2,,,,,,,
1,10,100,2,,,,,,,
1,10,100,2,,,,,,,
1,10,100,2,,,,,,,
1,10,100,2,,,,,,,
1,10,100,2,,,,,,,
1,10,100,2,,,,,,,
1,10,100,2,,,,,,,
1,10,100,2,,,,,,,
1,10,100,2,,,,,,,
1,10,100,2,,,,,,,
1,10,100,2,,,,,,,
1,10,100,2,,,,,,,
1,10,100,2,,,,,,,
1,10,100,2,,,,,,,
1,10,100,2,,,,,,,
1,10,100,2,,,,,,,
1,10,100,2,,,,,,,
1,10,100,2,,,,,,,
1,10,100,2,,,,,,,
1,10,100,2,,,,,,,
1,10,100,2,,,,,,,
1,10,100,2,,,,,,,
1,10,100,2,,,,,,,
1,10,100,2,,,,,,,
1,10,100,2,,,,,,,
1,10,100,2,,,,,,,
1,10,100,2,,,,,,,
1,10,100,2,,,,,,,
1,10,100,2,,,,,,,
1,10,100,2,,,,,,,
1,10,100,2,,,,,,,
1,10,100,2,,,,,,,
1,10,100,2,,,,,,,
1,10,100,2,,,,,,,
1,10,100,2,,,,,,,
1,10,100,2,,,,,,,
1,11,121,2,,,,,,,
1,11,121,2,,,,,,,
1,11,121,2,,,,,,,
1,11,121,2,,,,,,,
1,11,121,2,,,,,,,
1,11,121,2,,,,,,,
1,11,121,2,,,,,,,
1,11,121,2,,,,,,,
1,11,121,2,,,,,,,
1,11,121,2,,,,,,,
1,11,121,2,,,,,,,
1,11,121,2,,,,,,,
1,11,121,2,,,,,,,
1,11,121,2,,,,,,,
1,11,121,2,,,,,,,
1,11,121,2,,,,,,,
1,11,121,2,,,,,,,
1,11,121,2,,,,,,,
1,11,121,2,,,,,,,
1,11,121,2,,,,,,,
1,11,121,2,,,,,,,
1,11,121,2,,,,,,,
1,11,121,2,,,,,,,
1,11,121,2,,,,,,,
1,11,121,2,,,,,,,
1,11,121,2,,,,,,,
1,11,121,2,,,,,,,
1,11,121,2,,,,,,,
1,11,121,2,,,,,,,
1,11,121,2,,,,,,,
1,11,121,2,,,,,,,
1,11,121,2,,,,,,,
1,11,121,2,,,,,,,
1,11,121,2,,,,,,,
1,11,121,2,,,,,,,
1,11,121,2,,,,,,,
1,11,121,2,,,,,,,
1,11,121,2,,,,,,,
1,11,121,2,,,,,,,
1,11,121,2,,,,,,,
1,11,121,2,,,,,,,
1,11,121,2,,,,,,,
1,11,121,2,,,,,,,
1,11,121,2,,,,,,,
1,11,121,2,,,,,,,
1,11,121,2,,,,,,,
1,11,121,2,,,,,,,
1,11,121,2,,,,,,,
1,11,121,2,,,,,,,
1,11,121,2,,,,,,,
1,11,121,2,,,,,,,
1,11,121,2,,,,,,,
1,11,121,2,,,,,,,
1,11,121,2,,,,,,,
1,12,144,2,,,,,,,
1,12,144,2,,,,,,,
1,12,144,2,,,,,,,
1,12,144,2,,,,,,,
1,12,144,2,,,,,,,
1,12,144,2,,,,,,,
1,12,144,2,,,,,,,
1,12,144,2,,,,,,,
1,12,144,2,,,,,,,
1,12,144,2,,,,,,,
1,12,144,2,,,,,,,
1,12,144,2,,,,,,,
1,12,144,2,,,,,,,
1,12,144,2,,,,,,,
1,12,144,2,,,,,,,
1,12,144,2,,,,,,,
1,12,144,2,,,,,,,
1,12,144,2,,,,,,,
1,12,144,2,,,,,,,
1,12,144,2,,,,,,,
1,12,144,2,,,,,,,
1,12,144,2,,,,,,,
1,12,144,2,,,,,,,
1,12,144,2,,,,,,,
1,12,144,2,,,,,,,
1,12,144,2,,,,,,,
1,12,144,2,,,,,,,
1,12,144,2,,,,,,,
1,12,144,2,,,,,,,
1,12,144,2,,,,,,,
1,12,144,2,,,,,,,
1,12,144,2,,,,,,,
1,12,144,2,,,,,,,
1,12,144,2,,,,,,,
1,12,144,2,,,,,,,
1,12,144,2,,,,,,,
1,12,144,2,,,,,,,
1,12,144,2,,,,,,,
1,12,144,2,,,,,,,
1,12,144,2,,,,,,,
1,12,144,2,,,,,,,
1,12,144,2,,,,,,,
1,12,144,2,,,,,,,
1,12,144,2,,,,,,,
1,12,144,2,,,,,,,
1,12,144,2,,,,,,,
1,12,144,2,,,,,,,
1,12,144,2,,,,,,,
1,13,169,2,,,,,,,
1,13,169,2,,,,,,,
1,13,169,2,,,,,,,
1,13,169,2,,,,,,,
1,13,169,2,,,,,,,
1,13,169,2,,,,,,,
1,13,169,2,,,,,,,
1,13,169,2,,,,,,,
1,13,169,2,,,,,,,
1,13,169,2,,,,,,,
1,13,169,2,,,,,,,
1,13,169,2,,,,,,,
1,13,169,2,,,,,,,
1,13,169,2,,,,,,,
1,13,169,2,,,,,,,
1,13,169,2,,,,,,,
1,13,169,2,,,,,,,
1,13,169,2,,,,,,,
1,13,169,2,,,,,,,
1,13,169,2,,,,,,,
1,13,169,2,,,,,,,
1,13,169,2,,,,,,,
1,13,169,2,,,,,,,
1,13,169,2,,,,,,,
1,13,169,2,,,,,,,
1,13,169,2,,,,,,,
1,13,169,2,,,,,,,
1,13,169,2,,,,,,,
1,13,169,2,,,,,,,
1,13,169,2,,,,,,,
1,13,169,2,,,,,,,
1,13,169,2,,,,,,,
1,13,169,2,,,,,,,
1,13,169,2,,,,,,,
1,13,169,2,,,,,,,
1,13,169,2,,,,,,,
1,13,169,2,,,,,,,
1,13,169,2,,,,,,,
1,13,169,2,,,,,,,
1,13,169,2,,,,,,,
1,13,169,2,,,,,,,
1,13,169,2,,,,,,,
1,13,169,2,,,,,,,
1,13,169,2,,,,,,,
1,13,169,2,,,,,,,
1,13,169,2,,,,,,,
1,13,169,2,,,,,,,
1,13,169,2,,,,,,,
1,13,169,2,,,,,,,
1,13,169,2,,,,,,,
1,13,169,2,,,,,,,
1,13,169,2,,,,,,,
1,13,169,2,,,,,,,
1,13,169,2,,,,,,,
1,13,169,2,,,,,,,
1,14,196,2,,,,,,,
1,14,196,2,,,,,,,
1,14,196,2,,,,,,,
1,14,196,2,,,,,,,
1,14,196,2,,,,,,,
1,14,196,2,,,,,,,
1,14,196,2,,,,,,,
1,14,196,2,,,,,,,
1,14,196,2,,,,,,,
1,14,196,2,,,,,,,
1,14,196,2,,,,,,,
1,14,196,2,,,,,,,
1,14,196,2,,,,,,,
1,14,196,2,,,,,,,
1,14,196,2,,,,,,,
1,14,196,2,,,,,,,
1,14,196,2,,,,,,,
1,14,196,2,,,,,,,
1,14,196,2,,,,,,,
1,14,196,2,,,,,,,
1,14,196,2,,,,,,,
1,14,196,2,,,,,,,
1,14,196,2,,,,,,,
1,14,196,2,,,,,,,
1,14,196,2,,,,,,,
1,14,196,2,,,,,,,
1,14,196,2,,,,,,,
1,14,196,2,,,,,,,
1,14,196,2,,,,,,,
1,14,196,2,,,,,,,
1,14,196,2,,,,,,,
1,14,196,2,,,,,,,
1,14,196,2,,,,,,,
1,14,196,2,,,,,,,
1,14,196,2,,,,,,,
1,14,196,2,,,,,,,
1,14,196,2,,,,,,,
1,14,196,2,,,,,,,
1,14,196,2,,,,,,,
1,14,196,2,,,,,,,
1,14,196,2,,,,,,,
1,14,196,2,,,,,,,
1,14,196,2,,,,,,,
1,14,196,2,,,,,,,
1,14,196,2,,,,,,,
1,14,196,2,,,,,,,
1,14,196,2,,,,,,,
1,14,196,2,,,,,,,
1,14,196,2,,,,,,,
1,14,196,2,,,,,,,
1,14,196,2,,,,,,,
1,14,196,2,,,,,,,
1,14,196,2,,,,,,,
1,14,196,2,,,,,,,
1,14,196,2,,,,,,,
1,14,196,2,,,,,,,
1,14,196,2,,,,,,,
1,14,196,2,,,,,,,
1,14,196,2,,,,,,,
1,14,196,2,,,,,,,
1,14,196,2,,,,,,,
1,14,196,2,,,,,,,
1,14,196,2,,,,,,,
1,14,196,2,,,,,,,
1,14,196,2,,,,,,,
1,15,225,2,,,,,,,
1,15,225,2,,,,,,,
1,15,225,2,,,,,,,
1,15,225,2,,,,,,,
1,15,225,2,,,,,,,
1,15,225,2,,,,,,,
1,15,225,2,,,,,,,
1,15,225,2,,,,,,,
1,15,225,2,,,,,,,
1,15,225,2,,,,,,,
1,15,225,2,,,,,,,
1,15,225,2,,,,,,,
1,15,225,2,,,,,,,
1,15,225,2,,,,,,,
1,15,225,2,,,,,,,
1,15,225,2,,,,,,,
1,15,225,2,,,,,,,
1,15,225,2,,,,,,,
1,15,225,2,,,,,,,
1,15,225,2,,,,,,,
1,15,225,2,,,,,,,
1,15,225,2,,,,,,,
1,15,225,2,,,,,,,
1,15,225,2,,,,,,,
1,15,225,2,,,,,,,
1,15,225,2,,,,,,,
1,15,225,2,,,,,,,
1,15,225,2,,,,,,,
1,15,225,2,,,,,,,
1,15,225,2,,,,,,,
1,15,225,2,,,,,,,
1,15,225,2,,,,,,,
1,15,225,2,,,,,,,
1,15,225,2,,,,,,,
1,15,225,2,,,,,,,
1,15,225,2,,,,,,,
1,15,225,2,,,,,,,
1,15,225,2,,,,,,,
1,15,225,2,,,,,,,
1,15,225,2,,,,,,,
1,15,225,2,,,,,,,
1,15,225,2,,,,,,,
1,15,225,2,,,,,,,
1,15,225,2,,,,,,,
1,15,225,2,,,,,,,
1,15,225,2,,,,,,,
1,15,225,2,,,,,,,
1,15,225,2,,,,,,,
1,15,225,2,,,,,,,
1,15,225,2,,,,,,,
1,15,225,2,,,,,,,
1,15,225,2,,,,,,,
1,15,225,2,,,,,,,
1,16,256,2,,,,,,,
1,16,256,2,,,,,,,
1,16,256,2,,,,,,,
1,16,256,2,,,,,,,
1,16,256,2,,,,,,,
1,16,256,2,,,,,,,
1,16,256,2,,,,,,,
1,16,256,2,,,,,,,
1,16,256,2,,,,,,,
1,16,256,2,,,,,,,
1,16,256,2,,,,,,,
1,16,256,2,,,,,,,
1,16,256,2,,,,,,,
1,16,256,2,,,,,,,
1,16,256,2,,,,,,,
1,16,256,2,,,,,,,
1,16,256,2,,,,,,,
1,16,256,2,,,,,,,
1,16,256,2,,,,,,,
1,16,256,2,,,,,,,
1,16,256,2,,,,,,,
1,16,256,2,,,,,,,
1,16,256,2,,,,,,,
1,16,256,2,,,,,,,
1,16,256,2,,,,,,,
1,16,256,2,,,,,,,
1,16,256,2,,,,,,,
1,16,256,2,,,,,,,
1,16,256,2,,,,,,,
1,16,256,2,,,,,,,
1,16,256,2,,,,,,,
1,16,256,2,,,,,,,
1,16,256,2,,,,,,,
1,16,256,2,,,,,,,
1,16,256,2,,,,,,,
1,16,256,2,,,,,,,
1,16,256,2,,,,,,,
1,16,256,2,,,,,,,
1,16,256,2,,,,,,,
1,16,256,2,,,,,,,
1,16,256,2,,,,,,,
1,16,256,2,,,,,,,
1,16,256,2,,,,,,,
1,16,256,2,,,,,,,
1,16,256,2,,,,,,,
1,16,256,2,,,,,,,
1,16,256,2,,,,,,,
1,16,256,2,,,,,,,
1,16,256,2,,,,,,,
1,16,256,2,,,,,,,
1,16,256,2,,,,,,,
1,16,256,2,,,,,,,
1,16,256,2,,,,,,,
1,16,256,2,,,,,,,
1,16,256,2,,,,,,,
1,16,256,2,,,,,,,
1,16,256,2,,,,,,,
1,16,256,2,,,,,,,
1,16,256,2,,,,,,,
1,16,256,2,,,,,,,
1,16,256,2,,,,,,,
1,16,256,2,,,,,,,
1,16,256,2,,,,,,,
1,16,256,2,,,,,,,
1,17,289,2,,,,,,,
1,17,289,2,,,,,,,
1,17,289,2,,,,,,,
1,17,289,2,,,,,,,
1,17,289,2,,,,,,,
1,17,289,2,,,,,,,
1,17,289,2,,,,,,,
1,17,289,2,,,,,,,
1,17,289,2,,,,,,,
1,17,289,2,,,,,,,
1,17,289,2,,,,,,,
1,17,289,2,,,,,,,
1,17,289,2,,,,,,,
1,17,289,2,,,,,,,
1,17,289,2,,,,,,,
1,17,289,2,,,,,,,
1,17,289,2,,,,,,,
1,17,289,2,,,,,,,
1,17,289,2,,,,,,,
1,17,289,2,,,,,,,
1,17,289,2,,,,,,,
1,17,289,2,,,,,,,
1,17,289,2,,,,,,,
1,17,289,2,,,,,,,
1,17,289,2,,,,,,,
1,17,289,2,,,,,,,
1,17,289,2,,,,,,,
1,17,289,2,,,,,,,
1,17,289,2,,,,,,,
1,17,289,2,,,,,,,
1,17,289,2,,,,,,,
1,17,289,2,,,,,,,
1,17,289,2,,,,,,,
1,17,289,2,,,,,,,
1,17,289,2,,,,,,,
1,17,289,2,,,,,,,
1,17,289,2,,,,,,,
1,17,289,2,,,,,,,
1,17,289,2,,,,,,,
1,17,289,2,,,,,,,
1,17,289,2,,,,,,,
1,17,289,2,,,,,,,
1,17,289,2,,,,,,,
1,17,289,2,,,,,,,
1,17,289,2,,,,,,,
1,18,324,2,,,,,,,
1,18,324,2,,,,,,,
1,18,324,2,,,,,,,
1,18,324,2,,,,,,,
1,18,324,2,,,,,,,
1,18,324,2,,,,,,,
1,18,324,2,,,,,,,
1,18,324,2,,,,,,,
1,18,324,2,,,,,,,
1,18,324,2,,,,,,,
1,18,324,2,,,,,,,
1,18,324,2,,,,,,,
1,18,324,2,,,,,,,
1,18,324,2,,,,,,,
1,18,324,2,,,,,,,
1,18,324,2,,,,,,,
1,18,324,2,,,,,,,
1,18,324,2,,,,,,,
1,18,324,2,,,,,,,
1,18,324,2,,,,,,,
1,18,324,2,,,,,,,
1,18,324,2,,,,,,,
1,18,324,2,,,,,,,
1,18,324,2,,,,,,,
1,18,324,2,,,,,,,
1,18,324,2,,,,,,,
1,18,324,2,,,,,,,
1,18,324,2,,,,,,,
1,18,324,2,,,,,,,
1,18,324,2,,,,,,,
1,18,324,2,,,,,,,
1,18,324,2,,,,,,,
1,18,324,2,,,,,,,
1,18,324,2,,,,,,,
1,18,324,2,,,,,,,
1,18,324,2,,,,,,,
1,18,324,2,,,,,,,
1,18,324,2,,,,,,,
1,18,324,2,,,,,,,
1,18,324,2,,,,,,,
1,18,324,2,,,,,,,
1,18,324,2,,,,,,,
1,18,324,2,,,,,,,
1,18,324,2,,,,,,,
1,18,324,2,,,,,,,
1,18,324,2,,,,,,,
1,18,324,2,,,,,,,
1,18,324,2,,,,,,,
1,18,324,2,,,,,,,
1,18,324,2,,,,,,,
1,18,324,2,,,,,,,
1,18,324,2,,,,,,,
1,19,361,3,,,,,,,
1,19,361,3,,,,,,,
1,19,361,3,,,,,,,
1,19,361,3,,,,,,,
1,19,361,3,,,,,,,
1,19,361,3,,,,,,,
1,19,361,3,,,,,,,
1,19,361,3,,,,,,,
1,19,361,3,,,,,,,
1,19,361,3,,,,,,,
1,19,361,3,,,,,,,
1,19,361,3,,,,,,,
1,19,361,3,,,,,,,
1,19,361,3,,,,,,,
1,19,361,3,,,,,,,
1,19,361,3,,,,,,,
1,19,361,3,,,,,,,
1,19,361,3,,,,,,,
1,19,361,3,,,,,,,
1,19,361,3,,,,,,,
1,19,361,3,,,,,,,
1,19,361,3,,,,,,,
1,19,361,3,,,,,,,
1,19,361,3,,,,,,,
1,19,361,3,,,,,,,
1,19,361,3,,,,,,,
1,19,361,3,,,,,,,
1,19,361,3,,,,,,,
1,19,361,3,,,,,,,
1,19,361,3,,,,,,,
1,19,361,3,,,,,,,
1,19,361,3,,,,,,,
1,19,361,3,,,,,,,
1,19,361,3,,,,,,,
1,19,361,3,,,,,,,
1,19,361,3,,,,,,,
1,19,361,3,,,,,,,
1,19,361,3,,,,,,,
1,19,361,3,,,,,,,
1,19,361,3,,,,,,,
1,19,361,3,,,,,,,
1,19,361,3,,,,,,,
1,19,361,3,,,,,,,
1,19,361,3,,,,,,,
1,19,361,3,,,,,,,
1,19,361,3,,,,,,,
1,19,361,3,,,,,,,
1,19,361,3,,,,,,,
1,19,361,3,,,,,,,
1,19,361,3,,,,,,,
1,19,361,3,,,,,,,
1,19,361,3,,,,,,,
1,19,361,3,,,,,,,
1,19,361,3,,,,,,,
1,19,361,3,,,,,,,
1,19,361,3,,,,,,,
1,19,361,3,,,,,,,
1,19,361,3,,,,,,,
1,19,361,3,,,,,,,
1,20,400,3,,,,,,,
1,20,400,3,,,,,,,
1,20,400,3,,,,,,,
1,20,400,3,,,,,,,
1,20,400,3,,,,,,,
1,20,400,3,,,,,,,
1,20,400,3,,,,,,,
1,20,400,3,,,,,,,
1,20,400,3,,,,,,,
1,20,400,3,,,,,,,
1,20,400,3,,,,,,,
1,20,400,3,,,,,,,
1,20,400,3,,,,,,,
1,20,400,3,,,,,,,
1,20,400,3,,,,,,,
1,20,400,3,,,,,,,
1,20,400,3,,,,,,,
1,20,400,3,,,,,,,
1,20,400,3,,,,,,,
1,20,400,3,,,,,,,
1,20,400,3,,,,,,,
1,20,400,3,,,,,,,
1,20,400,3,,,,,,,
1,20,400,3,,,,,,,
1,20,400,3,,,,,,,
1,20,400,3,,,,,,,
1,20,400,3,,,,,,,
1,20,400,3,,,,,,,
1,20,400,3,,,,,,,
1,20,400,3,,,,,,,
1,20,400,3,,,,,,,
1,20,400,3,,,,,,,
1,20,400,3,,,,,,,
1,20,400,3,,,,,,,
1,20,400,3,,,,,,,
1,20,400,3,,,,,,,
1,20,400,3,,,,,,,
1,20,400,3,,,,,,,
1,20,400,3,,,,,,,
1,20,400,3,,,,,,,
1,20,400,3,,,,,,,
1,20,400,3,,,,,,,
1,20,400,3,,,,,,,
1,20,400,3,,,,,,,
1,21,441,3,,,,,,,
1,21,441,3,,,,,,,
1,21,441,3,,,,,,,
1,21,441,3,,,,,,,
1,21,441,3,,,,,,,
1,21,441,3,,,,,,,
1,21,441,3,,,,,,,
1,21,441,3,,,,,,,
1,21,441,3,,,,,,,
1,21,441,3,,,,,,,
1,21,441,3,,,,,,,
1,21,441,3,,,,,,,
1,21,441,3,,,,,,,
1,21,441,3,,,,,,,
1,21,441,3,,,,,,,
1,21,441,3,,,,,,,
1,21,441,3,,,,,,,
1,21,441,3,,,,,,,
1,21,441,3,,,,,,,
1,21,441,3,,,,,,,
1,21,441,3,,,,,,,
1,21,441,3,,,,,,,
1,21,441,3,,,,,,,
1,21,441,3,,,,,,,
1,21,441,3,,,,,,,
1,21,441,3,,,,,,,
1,21,441,3,,,,,,,
1,21,441,3,,,,,,,
1,21,441,3,,,,,,,
1,21,441,3,,,,,,,
1,21,441,3,,,,,,,
1,21,441,3,,,,,,,
1,21,441,3,,,,,,,
1,21,441,3,,,,,,,
1,21,441,3,,,,,,,
1,21,441,3,,,,,,,
1,21,441,3,,,,,,,
1,21,441,3,,,,,,,
1,21,441,3,,,,,,,
1,21,441,3,,,,,,,
1,21,441,3,,,,,,,
1,21,441,3,,,,,,,
1,21,441,3,,,,,,,
1,21,441,3,,,,,,,
1,21,441,3,,,,,,,
1,21,441,3,,,,,,,
1,21,441,3,,,,,,,
1,21,441,3,,,,,,,
1,21,441,3,,,,,,,
1,21,441,3,,,,,,,
1,21,441,3,,,,,,,
1,21,441,3,,,,,,,
1,21,441,3,,,,,,,
1,21,441,3,,,,,,,
1,21,441,3,,,,,,,
1,22,484,2,5,,,,,,
1,22,484,3,5,,,,,,
1,22,484,3,1,,,,,,
1,22,484,3,1,,,,,,
1,22,484,3,5,,,,,,
1,22,484,2,2,,,,,,
1,22,484,3,5,,,,,,
1,22,484,3,5,,,,,,
1,22,484,3,5,,,,,,
1,22,484,3,5,,,,,,
1,22,484,3,1,,,,,,
1,22,484,3,5,,,,,,
1,22,484,2,1,,,,,,
1,22,484,5,5,,,,,,
1,22,484,5,5,,,,,,
1,22,484,3,5,,,,,,
1,22,484,3,5,,,,,,
1,22,484,3,1,,,,,,
1,22,484,3,1,,,,,,
1,22,484,3,5,,,,,,
1,22,484,3,5,,,,,,
1,22,484,3,1,,,,,,
1,22,484,1,1,,,,,,
1,22,484,5,1,,,,,,
1,22,484,1,4,,,,,,
1,22,484,5,2,,,,,,
1,22,484,3,1,,,,,,
1,22,484,3,5,,,,,,
1,22,484,3,5,,,,,,
1,22,484,2,5,,,,,,
1,22,484,3,5,,,,,,
1,22,484,3,5,,,,,,
1,22,484,5,5,,,,,,
1,22,484,3,4,,,,,,
1,22,484,3,1,,,,,,
1,22,484,1,4,,,,,,
1,22,484,3,5,,,,,,
1,22,484,3,5,,,,,,
1,22,484,3,5,,,,,,
1,22,484,2,2,,,,,,
1,22,484,3,1,,,,,,
1,22,484,3,1,,,,,,
1,22,484,3,1,,,,,,
1,23,529,3,4,,,,,,
1,23,529,3,1,,,,,,
1,23,529,3,1,,,,,,
1,23,529,3,2,,,,,,
1,23,529,2,2,,,,,,
1,23,529,5,5,,,,,,
1,23,529,5,5,,,,,,
1,23,529,3,1,,,,,,
1,23,529,3,1,,,,,,
1,23,529,4,1,,,,,,
1,23,529,3,5,,,,,,
1,23,529,3,1,,,,,,
1,23,529,1,1,,,,,,
1,23,529,3,1,,,,,,
1,23,529,3,1,,,,,,
1,23,529,3,5,,,,,,
1,23,529,3,2,,,,,,
1,23,529,5,5,,,,,,
1,23,529,4,1,,,,,,
1,23,529,5,1,,,,,,
1,23,529,1,4,,,,,,
1,23,529,3,5,,,,,,
1,23,529,3,1,,,,,,
1,23,529,4,1,,,,,,
1,23,529,5,5,,,,,,
1,23,529,3,5,,,,,,
1,23,529,3,2,,,,,,
1,23,529,3,5,,,,,,
1,23,529,3,5,,,,,,
1,23,529,3,1,,,,,,
1,23,529,3,1,,,,,,
1,23,529,5,5,,,,,,
1,23,529,3,1,,,,,,
1,23,529,3,1,,,,,,
1,23,529,2,1,,,,,,
1,23,529,5,5,,,,,,
1,23,529,5,5,,,,,,
1,23,529,1,4,,,,,,
1,23,529,5,5,,,,,,
1,23,529,3,2,,,,,,
1,23,529,3,5,,,,,,
1,23,529,3,1,,,,,,
1,23,529,3,5,,,,,,
1,23,529,3,5,,,,,,
1,23,529,4,1,,,,,,
1,23,529,5,5,,,,,,
1,23,529,3,1,,,,,,
1,23,529,5,5,,,,,,
1,23,529,3,5,,,,,,
1,23,529,3,5,,,,,,
1,23,529,3,1,,,,,,
1,23,529,3,1,,,,,,
1,23,529,3,1,,,,,,
1,24,576,3,5,,,,,,
1,24,576,3,1,,,,,,
1,24,576,4,1,,,,,,
1,24,576,1,1,,,,,,
1,24,576,3,1,,,,,,
1,24,576,3,1,,,,,,
1,24,576,5,1,,,,,,
1,24,576,3,1,,,,,,
1,24,576,4,1,,,,,,
1,24,576,3,2,,,,,,
1,24,576,3,1,,,,,,
1,24,576,3,1,,,,,,
1,24,576,3,1,,,,,,
1,24,576,3,1,,,,,,
1,24,576,5,5,,,,,,
1,24,576,5,1,,,,,,
1,24,576,3,1,,,,,,
1,24,576,3,5,,,,,,
1,24,576,3,5,,,,,,
1,24,576,4,1,,,,,,
1,24,576,3,1,,,,,,
1,24,576,4,1,,,,,,
1,24,576,3,1,,,,,,
1,24,576,5,1,,,,,,
1,24,576,2,1,,,,,,
1,24,576,3,2,,,,,,
1,24,576,5,1,,,,,,
1,24,576,3,5,,,,,,
1,24,576,4,1,,,,,,
1,24,576,3,1,,,,,,
1,24,576,5,1,,,,,,
1,24,576,3,1,,,,,,
1,24,576,3,5,,,,,,
1,24,576,3,1,,,,,,
1,24,576,3,1,,,,,,
1,24,576,4,1,,,,,,
1,24,576,2,1,,,,,,
1,24,576,3,1,,,,,,
1,24,576,2,2,,,,,,
1,24,576,3,4,,,,,,
1,24,576,3,6,,,,,,
1,24,576,3,1,,,,,,
1,24,576,3,1,,,,,,
1,25,625,3,1,,,,,,
1,25,625,5,1,,,,,,
1,25,625,3,1,,,,,,
1,25,625,3,1,,,,,,
1,25,625,5,1,,,,,,
1,25,625,2,1,,,,,,
1,25,625,5,5,,,,,,
1,25,625,5,1,,,,,,
1,25,625,2,4,,,,,,
1,25,625,3,1,,,,,,
1,25,625,3,1,,,,,,
1,25,625,3,5,,,,,,
1,25,625,5,1,,,,,,
1,25,625,3,5,,,,,,
1,25,625,3,1,,,,,,
1,25,625,2,1,,,,,,
1,25,625,3,1,,,,,,
1,25,625,5,1,,,,,,
1,25,625,3,1,,,,,,
1,25,625,3,1,,,,,,
1,25,625,3,1,,,,,,
1,25,625,3,5,,,,,,
1,25,625,3,1,,,,,,
1,25,625,3,2,,,,,,
1,25,625,3,1,,,,,,
1,25,625,3,5,,,,,,
1,25,625,5,1,,,,,,
1,25,625,3,2,,,,,,
1,25,625,2,1,,,,,,
1,25,625,3,1,,,,,,
1,25,625,4,1,,,,,,
1,25,625,3,1,,,,,,
1,25,625,1,1,,,,,,
1,25,625,3,1,,,,,,
1,25,625,5,1,,,,,,
1,25,625,2,1,,,,,,
1,25,625,3,1,,,,,,
1,25,625,3,1,,,,,,
1,25,625,3,1,,,,,,
1,25,625,3,5,,,,,,
1,25,625,2,1,,,,,,
1,25,625,3,2,,,,,,
1,25,625,3,1,,,,,,
1,25,625,5,1,,,,,,
1,26,676,3,1,,,,,,
1,26,676,2,4,,,,,,
1,26,676,3,1,,,,,,
1,26,676,3,1,,,,,,
1,26,676,3,1,,,,,,
1,26,676,3,5,,,,,,
1,26,676,5,1,,,,,,
1,26,676,3,2,,,,,,
1,26,676,5,1,,,,,,
1,26,676,3,5,,,,,,
1,26,676,2,1,,,,,,
1,26,676,6,1,,,,,,
1,26,676,2,1,,,,,,
1,26,676,4,1,,,,,,
1,26,676,3,1,,,,,,
1,26,676,6,1,,,,,,
1,26,676,3,1,,,,,,
1,26,676,5,5,,,,,,
1,26,676,1,4,,,,,,
1,26,676,3,1,,,,,,
1,26,676,3,1,,,,,,
1,26,676,5,1,,,,,,
1,26,676,4,1,,,,,,
1,26,676,3,1,,,,,,
1,26,676,3,1,,,,,,
1,26,676,6,1,,,,,,
1,26,676,2,1,,,,,,
1,26,676,3,2,,,,,,
1,26,676,3,1,,,,,,
1,26,676,3,1,,,,,,
1,26,676,4,1,,,,,,
1,26,676,3,5,,,,,,
1,26,676,5,1,,,,,,
1,26,676,3,1,,,,,,
1,26,676,3,1,,,,,,
1,26,676,5,1,,,,,,
1,26,676,3,1,,,,,,
1,26,676,3,1,,,,,,
1,26,676,3,1,,,,,,
1,26,676,2,1,,,,,,
1,26,676,5,1,,,,,,
1,26,676,2,1,,,,,,
1,26,676,5,1,,,,,,
1,26,676,3,1,,,,,,
1,26,676,3,5,,,,,,
1,26,676,3,5,,,,,,
1,26,676,3,1,,,,,,
1,26,676,2,2,,,,,,
1,26,676,6,1,,,,,,
1,26,676,2,5,,,,,,
1,26,676,3,1,,,,,,
1,26,676,3,1,,,,,,
1,26,676,5,1,,,,,,
1,26,676,3,1,,,,,,
1,26,676,4,1,,,,,,
1,26,676,3,1,,,,,,
1,26,676,3,1,,,,,,
1,26,676,3,1,,,,,,
1,26,676,3,1,,,,,,
1,26,676,4,1,,,,,,
1,26,676,3,1,,,,,,
1,26,676,3,1,,,,,,
1,26,676,4,1,,,,,,
1,26,676,3,1,,,,,,
1,26,676,3,1,,,,,,
1,26,676,3,1,,,,,,
1,27,729,5,1,,,,,,
1,27,729,3,1,,,,,,
1,27,729,3,1,,,,,,
1,27,729,3,1,,,,,,
1,27,729,3,1,,,,,,
1,27,729,6,1,,,,,,
1,27,729,3,5,,,,,,
1,27,729,2,1,,,,,,
1,27,729,3,1,,,,,,
1,27,729,3,1,,,,,,
1,27,729,4,1,,,,,,
1,27,729,6,1,,,,,,
1,27,729,3,1,,,,,,
1,27,729,3,1,,,,,,
1,27,729,3,2,,,,,,
1,27,729,3,1,,,,,,
1,27,729,3,1,,,,,,
1,27,729,3,1,,,,,,
1,27,729,5,5,,,,,,
1,27,729,3,1,,,,,,
1,27,729,3,1,,,,,,
1,27,729,4,1,,,,,,
1,27,729,5,1,,,,,,
1,27,729,3,1,,,,,,
1,27,729,2,1,,,,,,
1,27,729,3,1,,,,,,
1,27,729,3,1,,,,,,
1,27,729,5,1,,,,,,
1,27,729,3,1,,,,,,
1,27,729,2,2,,,,,,
1,27,729,3,1,,,,,,
1,27,729,4,5,,,,,,
1,27,729,4,1,,,,,,
1,27,729,3,1,,,,,,
1,27,729,3,2,,,,,,
1,27,729,6,1,,,,,,
1,27,729,3,1,,,,,,
1,27,729,3,1,,,,,,
1,27,729,3,1,,,,,,
1,27,729,3,4,,,,,,
1,27,729,3,1,,,,,,
1,27,729,3,1,,,,,,
1,27,729,4,1,,,,,,
1,27,729,1,2,,,,,,
1,27,729,2,1,,,,,,
1,27,729,5,1,,,,,,
1,27,729,4,1,,,,,,
1,27,729,5,1,,,,,,
1,27,729,3,5,,,,,,
1,27,729,3,1,,,,,,
1,27,729,5,1,,,,,,
1,27,729,5,5,,,,,,
1,27,729,3,1,,,,,,
1,27,729,4,2,,,,,,
1,27,729,3,1,,,,,,
1,27,729,5,5,,,,,,
1,28,784,3,1,,,,,,
1,28,784,3,1,,,,,,
1,28,784,2,1,,,,,,
1,28,784,3,1,,,,,,
1,28,784,3,1,,,,,,
1,28,784,3,1,,,,,,
1,28,784,5,1,,,,,,
1,28,784,3,5,,,,,,
1,28,784,3,1,,,,,,
1,28,784,3,5,,,,,,
1,28,784,2,1,,,,,,
1,28,784,3,1,,,,,,
1,28,784,3,1,,,,,,
1,28,784,6,1,,,,,,
1,28,784,3,1,,,,,,
1,28,784,3,1,,,,,,
1,28,784,4,1,,,,,,
1,28,784,3,1,,,,,,
1,28,784,3,1,,,,,,
1,28,784,2,1,,,,,,
1,28,784,6,1,,,,,,
1,28,784,3,1,,,,,,
1,28,784,3,1,,,,,,
1,28,784,3,1,,,,,,
1,28,784,3,1,,,,,,
1,28,784,3,1,,,,,,
1,28,784,3,1,,,,,,
1,28,784,3,1,,,,,,
1,28,784,6,1,,,,,,
1,28,784,3,1,,,,,,
1,28,784,3,1,,,,,,
1,28,784,3,1,,,,,,
1,28,784,5,5,,,,,,
1,28,784,3,1,,,,,,
1,28,784,3,1,,,,,,
1,28,784,2,2,,,,,,
1,28,784,3,1,,,,,,
1,28,784,3,1,,,,,,
1,28,784,3,1,,,,,,
1,28,784,2,2,,,,,,
1,28,784,6,1,,,,,,
1,28,784,6,1,,,,,,
1,28,784,3,1,,,,,,
1,28,784,4,1,,,,,,
1,29,841,3,1,,,,,,
1,29,841,3,1,,,,,,
1,29,841,3,2,,,,,,
1,29,841,3,1,,,,,,
1,29,841,3,1,,,,,,
1,29,841,3,1,,,,,,
1,29,841,3,2,,,,,,
1,29,841,2,1,,,,,,
1,29,841,3,1,,,,,,
1,29,841,6,1,,,,,,
1,29,841,3,1,,,,,,
1,29,841,3,2,,,,,,
1,29,841,3,1,,,,,,
1,29,841,5,1,,,,,,
1,29,841,5,1,,,,,,
1,29,841,3,1,,,,,,
1,29,841,3,1,,,,,,
1,29,841,1,1,,,,,,
1,29,841,3,1,,,,,,
1,29,841,3,1,,,,,,
1,29,841,3,1,,,,,,
1,29,841,4,1,,,,,,
1,29,841,3,5,,,,,,
1,29,841,6,1,,,,,,
1,29,841,3,1,,,,,,
1,29,841,3,1,,,,,,
1,29,841,3,1,,,,,,
1,29,841,3,1,,,,,,
1,29,841,2,1,,,,,,
1,29,841,3,1,,,,,,
1,29,841,5,1,,,,,,
1,29,841,3,1,,,,,,
1,29,841,3,1,,,,,,
1,29,841,3,5,,,,,,
1,29,841,6,1,,,,,,
1,29,841,3,1,,,,,,
1,29,841,1,1,,,,,,
1,29,841,3,1,,,,,,
1,29,841,3,1,,,,,,
1,29,841,5,1,,,,,,
1,29,841,3,4,,,,,,
1,29,841,3,1,,,,,,
1,29,841,6,1,,,,,,
1,29,841,6,1,,,,,,
1,29,841,3,2,,,,,,
1,29,841,3,1,,,,,,
1,29,841,5,1,,,,,,
1,29,841,3,1,,,,,,
1,29,841,2,1,,,,,,
1,29,841,3,1,,,,,,
1,29,841,5,1,,,,,,
1,30,900,3,1,,,,,,
1,30,900,2,1,,,,,,
1,30,900,3,1,,,,,,
1,30,900,6,1,,,,,,
1,30,900,6,1,,,,,,
1,30,900,1,1,,,,,,
1,30,900,3,1,,,,,,
1,30,900,3,1,,,,,,
1,30,900,3,1,,,,,,
1,30,900,3,1,,,,,,
1,30,900,3,2,,,,,,
1,30,900,2,1,,,,,,
1,30,900,3,1,,,,,,
1,30,900,2,1,,,,,,
1,30,900,3,1,,,,,,
1,30,900,3,1,,,,,,
1,30,900,3,1,,,,,,
1,30,900,3,1,,,,,,
1,30,900,2,1,,,,,,
1,30,900,3,1,,,,,,
1,30,900,5,2,,,,,,
1,30,900,1,4,,,,,,
1,30,900,2,1,,,,,,
1,30,900,2,1,,,,,,
1,30,900,5,1,,,,,,
1,30,900,5,1,,,,,,
1,30,900,3,1,,,,,,
1,30,900,4,1,,,,,,
1,30,900,5,2,,,,,,
1,30,900,5,1,,,,,,
1,30,900,3,2,,,,,,
1,30,900,6,1,,,,,,
1,30,900,1,4,,,,,,
1,30,900,6,1,,,,,,
1,30,900,2,4,,,,,,
1,30,900,3,1,,,,,,
1,30,900,3,1,,,,,,
1,30,900,3,1,,,,,,
1,30,900,3,1,,,,,,
1,30,900,3,1,,,,,,
1,30,900,5,1,,,,,,
1,30,900,3,2,,,,,,
1,30,900,6,1,,,,,,
1,30,900,3,1,,,,,,
1,30,900,3,1,,,,,,
1,30,900,3,1,,,,,,
1,30,900,3,2,,,,,,
1,30,900,2,1,,,,,,
1,30,900,5,1,,,,,,
1,30,900,3,1,,,,,,
1,30,900,5,1,,,,,,
1,30,900,3,1,,,,,,
1,30,900,6,1,,,,,,
1,30,900,3,2,,,,,,
1,30,900,3,1,,,,,,
1,30,900,2,4,,,,,,
1,30,900,5,1,,,,,,
1,30,900,3,1,,,,,,
1,30,900,3,1,,,,,,
1,30,900,6,1,,,,,,
1,30,900,3,1,,,,,,
1,31,961,5,5,,,,,,
1,31,961,3,1,,,,,,
1,31,961,3,1,,,,,,
1,31,961,6,1,,,,,,
1,31,961,2,1,,,,,,
1,31,961,3,1,,,,,,
1,31,961,3,1,,,,,,
1,31,961,3,1,,,,,,
1,31,961,2,4,,,,,,
1,31,961,3,1,,,,,,
1,31,961,3,1,,,,,,
1,31,961,3,1,,,,,,
1,31,961,1,4,,,,,,
1,31,961,3,1,,,,,,
1,31,961,5,1,,,,,,
1,31,961,3,1,,,,,,
1,31,961,6,1,,,,,,
1,31,961,2,1,,,,,,
1,31,961,3,1,,,,,,
1,31,961,5,1,,,,,,
1,31,961,3,1,,,,,,
1,31,961,5,1,,,,,,
1,31,961,4,1,,,,,,
1,31,961,3,1,,,,,,
1,31,961,3,1,,,,,,
1,31,961,6,1,,,,,,
1,31,961,5,1,,,,,,
1,31,961,3,1,,,,,,
1,31,961,3,1,,,,,,
1,31,961,5,1,,,,,,
1,31,961,3,1,,,,,,
1,31,961,3,1,,,,,,
1,31,961,3,1,,,,,,
1,31,961,4,1,,,,,,
1,31,961,3,1,,,,,,
1,31,961,3,1,,,,,,
1,31,961,3,1,,,,,,
1,31,961,3,1,,,,,,
1,31,961,3,4,,,,,,
1,31,961,5,1,,,,,,
1,31,961,2,1,,,,,,
1,31,961,3,1,,,,,,
1,31,961,2,2,,,,,,
1,31,961,3,2,,,,,,
1,31,961,3,1,,,,,,
1,31,961,3,1,,,,,,
1,31,961,3,1,,,,,,
1,31,961,5,1,,,,,,
1,31,961,4,1,,,,,,
1,31,961,3,1,,,,,,
1,31,961,4,1,,,,,,
1,31,961,3,1,,,,,,
1,31,961,4,1,,,,,,
1,31,961,3,1,,,,,,
1,31,961,6,1,,,,,,
1,31,961,3,1,,,,,,
1,31,961,4,1,,,,,,
1,31,961,5,1,,,,,,
1,31,961,3,1,,,,,,
1,31,961,6,1,,,,,,
1,31,961,3,1,,,,,,
1,31,961,2,1,,,,,,
1,31,961,3,2,,,,,,
1,31,961,3,1,,,,,,
1,31,961,2,1,,,,,,
1,31,961,5,1,,,,,,
1,31,961,3,1,,,,,,
1,31,961,3,1,,,,,,
1,32,1024,3,1,,,,,,
1,32,1024,3,1,,,,,,
1,32,1024,3,1,,,,,,
1,32,1024,3,1,,,,,,
1,32,1024,3,1,,,,,,
1,32,1024,3,1,,,,,,
1,32,1024,3,2,,,,,,
1,32,1024,6,1,,,,,,
1,32,1024,1,4,,,,,,
1,32,1024,6,1,,,,,,
1,32,1024,6,1,,,,,,
1,32,1024,3,1,,,,,,
1,32,1024,3,1,,,,,,
1,32,1024,3,1,,,,,,
1,32,1024,5,1,,,,,,
1,32,1024,3,1,,,,,,
1,32,1024,3,1,,,,,,
1,32,1024,3,2,,,,,,
1,32,1024,6,1,,,,,,
1,32,1024,5,1,,,,,,
1,32,1024,5,1,,,,,,
1,32,1024,3,1,,,,,,
1,32,1024,3,1,,,,,,
1,32,1024,3,1,,,,,,
1,32,1024,3,1,,,,,,
1,32,1024,3,1,,,,,,
1,32,1024,3,1,,,,,,
1,32,1024,3,1,,,,,,
1,32,1024,6,1,,,,,,
1,32,1024,3,1,,,,,,
1,32,1024,3,1,,,,,,
1,32,1024,6,1,,,,,,
1,32,1024,4,1,,,,,,
1,32,1024,4,1,,,,,,
1,32,1024,3,1,,,,,,
1,32,1024,6,1,,,,,,
1,32,1024,3,1,,,,,,
1,32,1024,3,1,,,,,,
1,32,1024,6,1,,,,,,
1,32,1024,6,1,,,,,,
1,32,1024,3,1,,,,,,
1,32,1024,6,1,,,,,,
1,32,1024,2,1,,,,,,
1,32,1024,3,1,,,,,,
1,32,1024,5,1,,,,,,
1,32,1024,3,1,,,,,,
1,32,1024,3,1,,,,,,
1,32,1024,3,1,,,,,,
1,32,1024,3,1,,,,,,
1,33,1089,3,1,,,,,,
1,33,1089,3,1,,,,,,
1,33,1089,6,1,,,,,,
1,33,1089,1,1,,,,,,
1,33,1089,2,1,,,,,,
1,33,1089,3,1,,,,,,
1,33,1089,3,1,,,,,,
1,33,1089,2,1,,,,,,
1,33,1089,3,1,,,,,,
1,33,1089,3,1,,,,,,
1,33,1089,3,1,,,,,,
1,33,1089,3,1,,,,,,
1,33,1089,3,1,,,,,,
1,33,1089,1,4,,,,,,
1,33,1089,6,1,,,,,,
1,33,1089,3,1,,,,,,
1,33,1089,5,1,,,,,,
1,33,1089,3,2,,,,,,
1,33,1089,1,2,,,,,,
1,33,1089,4,1,,,,,,
1,33,1089,3,1,,,,,,
1,33,1089,7,1,,,,,,
1,33,1089,3,1,,,,,,
1,33,1089,4,1,,,,,,
1,33,1089,5,1,,,,,,
1,33,1089,6,1,,,,,,
1,33,1089,3,1,,,,,,
1,33,1089,5,1,,,,,,
1,33,1089,3,1,,,,,,
1,33,1089,3,1,,,,,,
1,33,1089,7,1,,,,,,
1,33,1089,4,1,,,,,,
1,33,1089,5,1,,,,,,
1,33,1089,3,1,,,,,,
1,33,1089,3,1,,,,,,
1,33,1089,1,4,,,,,,
1,33,1089,3,1,,,,,,
1,33,1089,3,2,,,,,,
1,33,1089,3,1,,,,,,
1,33,1089,5,1,,,,,,
1,33,1089,3,1,,,,,,
1,33,1089,2,1,,,,,,
1,33,1089,2,1,,,,,,
1,33,1089,5,1,,,,,,
1,33,1089,3,1,,,,,,
1,33,1089,2,1,,,,,,
1,33,1089,4,1,,,,,,
1,33,1089,3,1,,,,,,
1,33,1089,3,2,,,,,,
1,33,1089,4,1,,,,,,
1,33,1089,3,1,,,,,,
1,33,1089,5,1,,,,,,
1,33,1089,3,1,,,,,,
1,33,1089,3,1,,,,,,
1,33,1089,3,1,,,,,,
1,33,1089,3,1,,,,,,
1,33,1089,3,1,,,,,,
1,33,1089,3,2,,,,,,
1,33,1089,3,1,,,,,,
1,33,1089,3,1,,,,,,
1,33,1089,6,1,,,,,,
1,33,1089,3,1,,,,,,
1,33,1089,5,1,,,,,,
1,33,1089,5,1,,,,,,
1,33,1089,5,1,,,,,,
1,33,1089,3,1,,,,,,
1,33,1089,3,1,,,,,,
1,33,1089,3,1,,,,,,
1,33,1089,3,1,,,,,,
1,33,1089,5,1,,,,,,
1,33,1089,5,1,,,,,,
1,33,1089,3,1,,,,,,
1,33,1089,5,1,,,,,,
1,33,1089,6,1,,,,,,
1,34,1156,2,1,,,,,,
1,34,1156,6,1,,,,,,
1,34,1156,3,1,,,,,,
1,34,1156,1,1,,,,,,
1,34,1156,3,1,,,,,,
1,34,1156,3,1,,,,,,
1,34,1156,3,1,,,,,,
1,34,1156,6,1,,,,,,
1,34,1156,3,1,,,,,,
1,34,1156,3,1,,,,,,
1,34,1156,6,1,,,,,,
1,34,1156,6,1,,,,,,
1,34,1156,6,1,,,,,,
1,34,1156,3,1,,,,,,
1,34,1156,3,1,,,,,,
1,34,1156,6,1,,,,,,
1,34,1156,4,1,,,,,,
1,34,1156,3,1,,,,,,
1,34,1156,3,1,,,,,,
1,34,1156,3,1,,,,,,
1,34,1156,3,2,,,,,,
1,34,1156,3,1,,,,,,
1,34,1156,3,1,,,,,,
1,34,1156,3,1,,,,,,
1,34,1156,3,1,,,,,,
1,34,1156,3,1,,,,,,
1,34,1156,4,1,,,,,,
1,34,1156,5,1,,,,,,
1,34,1156,3,1,,,,,,
1,34,1156,3,1,,,,,,
1,34,1156,3,1,,,,,,
1,34,1156,3,1,,,,,,
1,34,1156,3,1,,,,,,
1,34,1156,3,1,,,,,,
1,34,1156,3,1,,,,,,
1,34,1156,3,1,,,,,,
1,34,1156,2,1,,,,,,
1,34,1156,3,1,,,,,,
1,34,1156,2,1,,,,,,
1,34,1156,3,1,,,,,,
1,34,1156,3,1,,,,,,
1,34,1156,3,1,,,,,,
1,34,1156,3,1,,,,,,
1,34,1156,3,1,,,,,,
1,34,1156,2,1,,,,,,
1,34,1156,5,1,,,,,,
1,34,1156,4,1,,,,,,
1,34,1156,6,1,,,,,,
1,34,1156,3,1,,,,,,
1,34,1156,5,1,,,,,,
1,34,1156,6,1,,,,,,
1,34,1156,3,1,,,,,,
1,34,1156,3,1,,,,,,
1,34,1156,3,1,,,,,,
1,34,1156,3,1,,,,,,
1,34,1156,5,1,,,,,,
1,34,1156,5,1,,,,,,
1,34,1156,3,1,,,,,,
1,34,1156,3,1,,,,,,
1,34,1156,3,1,,,,,,
1,34,1156,4,1,,,,,,
1,34,1156,6,1,,,,,,
1,35,1225,6,1,,,,,,
1,35,1225,4,1,,,,,,
1,35,1225,3,2,,,,,,
1,35,1225,6,1,,,,,,
1,35,1225,6,1,,,,,,
1,35,1225,3,1,,,,,,
1,35,1225,6,1,,,,,,
1,35,1225,3,1,,,,,,
1,35,1225,3,1,,,,,,
1,35,1225,3,1,,,,,,
1,35,1225,2,1,,,,,,
1,35,1225,3,1,,,,,,
1,35,1225,3,1,,,,,,
1,35,1225,3,1,,,,,,
1,35,1225,6,1,,,,,,
1,35,1225,3,1,,,,,,
1,35,1225,3,2,,,,,,
1,35,1225,3,1,,,,,,
1,35,1225,4,1,,,,,,
1,35,1225,3,1,,,,,,
1,35,1225,5,1,,,,,,
1,35,1225,3,1,,,,,,
1,35,1225,1,4,,,,,,
1,35,1225,3,1,,,,,,
1,35,1225,3,1,,,,,,
1,35,1225,5,1,,,,,,
1,35,1225,3,1,,,,,,
1,35,1225,5,1,,,,,,
1,35,1225,6,2,,,,,,
1,35,1225,2,1,,,,,,
1,35,1225,4,1,,,,,,
1,35,1225,5,1,,,,,,
1,35,1225,5,1,,,,,,
1,35,1225,3,1,,,,,,
1,35,1225,2,1,,,,,,
1,35,1225,3,1,,,,,,
1,35,1225,2,2,,,,,,
1,35,1225,3,1,,,,,,
1,35,1225,3,1,,,,,,
1,35,1225,3,1,,,,,,
1,35,1225,3,1,,,,,,
1,35,1225,3,1,,,,,,
1,35,1225,1,1,,,,,,
1,35,1225,4,1,,,,,,
1,35,1225,5,1,,,,,,
1,35,1225,7,1,,,,,,
1,35,1225,3,1,,,,,,
1,35,1225,3,1,,,,,,
1,35,1225,3,1,,,,,,
1,35,1225,3,1,,,,,,
1,35,1225,6,1,,,,,,
1,35,1225,3,1,,,,,,
1,35,1225,3,1,,,,,,
1,35,1225,3,1,,,,,,
1,35,1225,4,1,,,,,,
1,35,1225,3,1,,,,,,
1,35,1225,3,1,,,,,,
1,35,1225,3,1,,,,,,
1,35,1225,6,1,,,,,,
1,35,1225,3,1,,,,,,
1,35,1225,3,1,,,,,,
1,35,1225,3,1,,,,,,
1,35,1225,3,1,,,,,,
1,35,1225,3,1,,,,,,
1,35,1225,5,1,,,,,,
1,35,1225,3,1,,,,,,
1,35,1225,3,1,,,,,,
1,35,1225,3,1,,,,,,
1,35,1225,3,1,,,,,,
1,35,1225,4,1,,,,,,
1,35,1225,1,4,,,,,,
1,35,1225,3,1,,,,,,
1,35,1225,3,1,,,,,,
1,35,1225,3,1,,,,,,
1,36,1296,4,1,,,,,,
1,36,1296,3,1,,,,,,
1,36,1296,3,1,,,,,,
1,36,1296,5,1,,,,,,
1,36,1296,5,1,,,,,,
1,36,1296,3,1,,,,,,
1,36,1296,3,1,,,,,,
1,36,1296,3,1,,,,,,
1,36,1296,3,1,,,,,,
1,36,1296,2,1,,,,,,
1,36,1296,3,1,,,,,,
1,36,1296,4,1,,,,,,
1,36,1296,5,1,,,,,,
1,36,1296,3,1,,,,,,
1,36,1296,3,1,,,,,,
1,36,1296,3,1,,,,,,
1,36,1296,3,1,,,,,,
1,36,1296,3,1,,,,,,
1,36,1296,5,1,,,,,,
1,36,1296,3,1,,,,,,
1,36,1296,3,1,,,,,,
1,36,1296,6,1,,,,,,
1,36,1296,2,1,,,,,,
1,36,1296,3,1,,,,,,
1,36,1296,6,1,,,,,,
1,36,1296,3,1,,,,,,
1,36,1296,3,1,,,,,,
1,36,1296,3,1,,,,,,
1,36,1296,3,1,,,,,,
1,36,1296,3,1,,,,,,
1,36,1296,3,1,,,,,,
1,36,1296,3,1,,,,,,
1,36,1296,3,1,,,,,,
1,36,1296,3,1,,,,,,
1,36,1296,6,1,,,,,,
1,36,1296,3,1,,,,,,
1,36,1296,3,1,,,,,,
1,36,1296,3,1,,,,,,
1,36,1296,3,1,,,,,,
1,36,1296,4,1,,,,,,
1,36,1296,5,1,,,,,,
1,36,1296,2,2,,,,,,
1,36,1296,2,1,,,,,,
1,36,1296,3,1,,,,,,
1,36,1296,3,1,,,,,,
1,36,1296,3,1,,,,,,
1,36,1296,2,2,,,,,,
1,36,1296,6,1,,,,,,
1,36,1296,3,1,,,,,,
1,36,1296,5,1,,,,,,
1,36,1296,5,1,,,,,,
1,36,1296,6,1,,,,,,
1,36,1296,3,1,,,,,,
1,36,1296,3,1,,,,,,
1,36,1296,3,1,,,,,,
1,36,1296,5,1,,,,,,
1,36,1296,3,1,,,,,,
1,36,1296,6,1,,,,,,
1,36,1296,3,1,,,,,,
1,36,1296,3,1,,,,,,
1,36,1296,3,1,,,,,,
1,36,1296,3,1,,,,,,
1,36,1296,3,1,,,,,,
1,37,1369,4,1,,,,,,
1,37,1369,3,1,,,,,,
1,37,1369,3,1,,,,,,
1,37,1369,3,1,,,,,,
1,37,1369,3,1,,,,,,
1,37,1369,6,1,,,,,,
1,37,1369,6,1,,,,,,
1,37,1369,2,1,,,,,,
1,37,1369,3,1,,,,,,
1,37,1369,5,1,,,,,,
1,37,1369,3,1,,,,,,
1,37,1369,3,1,,,,,,
1,37,1369,6,4,,,,,,
1,37,1369,6,1,,,,,,
1,37,1369,3,1,,,,,,
1,37,1369,3,1,,,,,,
1,37,1369,3,1,,,,,,
1,37,1369,5,1,,,,,,
1,37,1369,5,1,,,,,,
1,37,1369,3,1,,,,,,
1,37,1369,3,1,,,,,,
1,37,1369,3,1,,,,,,
1,37,1369,4,1,,,,,,
1,37,1369,3,1,,,,,,
1,37,1369,3,1,,,,,,
1,37,1369,3,1,,,,,,
1,37,1369,3,1,,,,,,
1,37,1369,5,1,,,,,,
1,37,1369,6,1,,,,,,
1,37,1369,2,2,,,,,,
1,37,1369,2,1,,,,,,
1,37,1369,3,1,,,,,,
1,37,1369,3,1,,,,,,
1,37,1369,5,1,,,,,,
1,37,1369,3,1,,,,,,
1,37,1369,3,1,,,,,,
1,37,1369,3,1,,,,,,
1,37,1369,3,1,,,,,,
1,37,1369,3,1,,,,,,
1,37,1369,3,1,,,,,,
1,37,1369,2,4,,,,,,
1,37,1369,2,1,,,,,,
1,37,1369,3,1,,,,,,
1,37,1369,3,1,,,,,,
1,37,1369,2,1,,,,,,
1,37,1369,5,1,,,,,,
1,37,1369,3,2,,,,,,
1,37,1369,6,1,,,,,,
1,37,1369,4,1,,,,,,
1,37,1369,3,1,,,,,,
1,37,1369,3,1,,,,,,
1,37,1369,3,1,,,,,,
1,37,1369,3,1,,,,,,
1,37,1369,2,1,,,,,,
1,37,1369,3,1,,,,,,
1,37,1369,3,1,,,,,,
1,37,1369,3,1,,,,,,
1,37,1369,3,4,,,,,,
1,37,1369,3,1,,,,,,
1,37,1369,3,1,,,,,,
1,37,1369,3,1,,,,,,
1,37,1369,3,1,,,,,,
1,37,1369,5,1,,,,,,
1,37,1369,3,1,,,,,,
1,37,1369,3,1,,,,,,
1,37,1369,3,1,,,,,,
1,37,1369,3,1,,,,,,
1,37,1369,3,1,,,,,,
1,37,1369,3,1,,,,,,
1,37,1369,2,1,,,,,,
1,37,1369,5,1,,,,,,
1,37,1369,3,1,,,,,,
1,37,1369,3,1,,,,,,
1,37,1369,5,1,,,,,,
1,37,1369,2,1,,,,,,
1,37,1369,3,1,,,,,,
1,37,1369,2,1,,,,,,
1,37,1369,5,1,,,,,,
1,37,1369,3,1,,,,,,
1,37,1369,3,1,,,,,,
1,37,1369,3,1,,,,,,
1,37,1369,5,1,,,,,,
1,37,1369,1,1,,,,,,
1,37,1369,3,1,,,,,,
1,37,1369,3,1,,,,,,
1,38,1444,3,1,,,,,,
1,38,1444,3,1,,,,,,
1,38,1444,2,1,,,,,,
1,38,1444,3,1,,,,,,
1,38,1444,2,1,,,,,,
1,38,1444,3,1,,,,,,
1,38,1444,5,1,,,,,,
1,38,1444,3,1,,,,,,
1,38,1444,2,2,,,,,,
1,38,1444,3,1,,,,,,
1,38,1444,6,1,,,,,,
1,38,1444,5,1,,,,,,
1,38,1444,3,1,,,,,,
1,38,1444,3,1,,,,,,
1,38,1444,3,1,,,,,,
1,38,1444,3,1,,,,,,
1,38,1444,3,4,,,,,,
1,38,1444,6,1,,,,,,
1,38,1444,3,1,,,,,,
1,38,1444,3,1,,,,,,
1,38,1444,3,1,,,,,,
1,38,1444,3,2,,,,,,
1,38,1444,3,1,,,,,,
1,38,1444,3,1,,,,,,
1,38,1444,2,1,,,,,,
1,38,1444,6,1,,,,,,
1,38,1444,6,1,,,,,,
1,38,1444,2,1,,,,,,
1,38,1444,3,1,,,,,,
1,38,1444,3,1,,,,,,
1,38,1444,5,1,,,,,,
1,38,1444,6,1,,,,,,
1,38,1444,6,1,,,,,,
1,38,1444,6,1,,,,,,
1,38,1444,3,1,,,,,,
1,38,1444,3,1,,,,,,
1,38,1444,5,1,,,,,,
1,38,1444,3,1,,,,,,
1,38,1444,3,1,,,,,,
1,38,1444,3,1,,,,,,
1,38,1444,3,2,,,,,,
1,38,1444,3,1,,,,,,
1,38,1444,6,1,,,,,,
1,38,1444,6,1,,,,,,
1,38,1444,5,1,,,,,,
1,38,1444,3,1,,,,,,
1,38,1444,3,1,,,,,,
1,38,1444,3,1,,,,,,
1,38,1444,6,1,,,,,,
1,38,1444,3,1,,,,,,
1,38,1444,3,1,,,,,,
1,38,1444,3,1,,,,,,
1,38,1444,3,1,,,,,,
1,38,1444,4,1,,,,,,
1,38,1444,3,1,,,,,,
1,38,1444,3,1,,,,,,
1,38,1444,3,1,,,,,,
1,38,1444,3,1,,,,,,
1,38,1444,3,1,,,,,,
1,38,1444,6,1,,,,,,
1,38,1444,3,1,,,,,,
1,38,1444,3,1,,,,,,
1,38,1444,3,1,,,,,,
1,38,1444,3,1,,,,,,
1,38,1444,3,1,,,,,,
1,38,1444,6,1,,,,,,
1,38,1444,3,1,,,,,,
1,38,1444,5,1,,,,,,
1,38,1444,3,1,,,,,,
1,38,1444,3,1,,,,,,
1,38,1444,3,1,,,,,,
1,38,1444,3,1,,,,,,
1,38,1444,3,1,,,,,,
1,38,1444,5,1,,,,,,
1,38,1444,3,1,,,,,,
1,38,1444,6,1,,,,,,
1,38,1444,3,1,,,,,,
1,38,1444,3,1,,,,,,
1,38,1444,3,1,,,,,,
1,39,1521,3,1,,,,,,
1,39,1521,3,1,,,,,,
1,39,1521,4,1,,,,,,
1,39,1521,3,1,,,,,,
1,39,1521,4,1,,,,,,
1,39,1521,3,1,,,,,,
1,39,1521,3,1,,,,,,
1,39,1521,5,1,,,,,,
1,39,1521,2,1,,,,,,
1,39,1521,3,1,,,,,,
1,39,1521,5,2,,,,,,
1,39,1521,3,1,,,,,,
1,39,1521,3,1,,,,,,
1,39,1521,3,1,,,,,,
1,39,1521,5,1,,,,,,
1,39,1521,3,1,,,,,,
1,39,1521,5,1,,,,,,
1,39,1521,2,1,,,,,,
1,39,1521,3,1,,,,,,
1,39,1521,6,1,,,,,,
1,39,1521,3,1,,,,,,
1,39,1521,6,1,,,,,,
1,39,1521,5,1,,,,,,
1,39,1521,2,1,,,,,,
1,39,1521,3,1,,,,,,
1,39,1521,3,1,,,,,,
1,39,1521,3,1,,,,,,
1,39,1521,3,1,,,,,,
1,39,1521,4,1,,,,,,
1,39,1521,5,1,,,,,,
1,39,1521,7,1,,,,,,
1,39,1521,1,4,,,,,,
1,39,1521,6,2,,,,,,
1,39,1521,6,1,,,,,,
1,39,1521,3,1,,,,,,
1,39,1521,3,1,,,,,,
1,39,1521,3,1,,,,,,
1,39,1521,3,1,,,,,,
1,39,1521,3,1,,,,,,
1,39,1521,4,1,,,,,,
1,39,1521,2,2,,,,,,
1,39,1521,3,1,,,,,,
1,39,1521,3,2,,,,,,
1,39,1521,3,1,,,,,,
1,39,1521,6,1,,,,,,
1,39,1521,3,1,,,,,,
1,39,1521,3,1,,,,,,
1,39,1521,3,1,,,,,,
1,39,1521,5,1,,,,,,
1,39,1521,3,1,,,,,,
1,39,1521,5,1,,,,,,
1,39,1521,6,1,,,,,,
1,39,1521,3,1,,,,,,
1,39,1521,5,1,,,,,,
1,39,1521,3,1,,,,,,
1,39,1521,3,1,,,,,,
1,39,1521,3,1,,,,,,
1,40,1600,3,1,,,,,,
1,40,1600,3,1,,,,,,
1,40,1600,3,1,,,,,,
1,40,1600,4,2,,,,,,
1,40,1600,4,1,,,,,,
1,40,1600,3,1,,,,,,
1,40,1600,3,1,,,,,,
1,40,1600,3,1,,,,,,
1,40,1600,3,1,,,,,,
1,40,1600,3,1,,,,,,
1,40,1600,6,1,,,,,,
1,40,1600,3,1,,,,,,
1,40,1600,4,1,,,,,,
1,40,1600,3,1,,,,,,
1,40,1600,3,1,,,,,,
1,40,1600,2,1,,,,,,
1,40,1600,3,1,,,,,,
1,40,1600,2,1,,,,,,
1,40,1600,3,1,,,,,,
1,40,1600,5,1,,,,,,
1,40,1600,3,1,,,,,,
1,40,1600,3,1,,,,,,
1,40,1600,1,4,,,,,,
1,40,1600,6,1,,,,,,
1,40,1600,2,1,,,,,,
1,40,1600,3,1,,,,,,
1,40,1600,6,1,,,,,,
1,40,1600,6,1,,,,,,
1,40,1600,3,1,,,,,,
1,40,1600,6,1,,,,,,
1,40,1600,3,1,,,,,,
1,40,1600,6,1,,,,,,
1,40,1600,5,1,,,,,,
1,40,1600,3,1,,,,,,
1,40,1600,4,1,,,,,,
1,40,1600,3,1,,,,,,
1,40,1600,3,1,,,,,,
1,40,1600,3,1,,,,,,
1,40,1600,3,2,,,,,,
1,40,1600,4,1,,,,,,
1,40,1600,3,1,,,,,,
1,40,1600,3,2,,,,,,
1,40,1600,5,1,,,,,,
1,40,1600,3,1,,,,,,
1,40,1600,3,1,,,,,,
1,40,1600,7,1,,,,,,
1,40,1600,2,1,,,,,,
1,40,1600,4,1,,,,,,
1,40,1600,5,1,,,,,,
1,40,1600,6,1,,,,,,
1,40,1600,3,1,,,,,,
1,40,1600,3,2,,,,,,
1,40,1600,3,1,,,,,,
1,40,1600,6,1,,,,,,
1,40,1600,3,1,,,,,,
1,40,1600,3,1,,,,,,
1,40,1600,3,1,,,,,,
1,40,1600,3,2,,,,,,
1,40,1600,6,1,,,,,,
1,40,1600,3,1,,,,,,
1,40,1600,3,1,,,,,,
1,40,1600,2,1,,,,,,
1,40,1600,6,1,,,,,,
1,40,1600,3,1,,,,,,
1,40,1600,6,1,,,,,,
1,40,1600,4,1,,,,,,
1,40,1600,3,1,,,,,,
1,40,1600,3,1,,,,,,
1,40,1600,3,1,,,,,,
1,40,1600,5,1,,,,,,
1,40,1600,3,1,,,,,,
1,40,1600,6,1,,,,,,
1,40,1600,3,1,,,,,,
1,40,1600,6,1,,,,,,
1,40,1600,6,1,,,,,,
1,40,1600,3,1,,,,,,
1,40,1600,3,1,,,,,,
1,41,1681,3,1,,,,,,
1,41,1681,3,2,,,,,,
1,41,1681,3,1,,,,,,
1,41,1681,3,1,,,,,,
1,41,1681,5,1,,,,,,
1,41,1681,3,1,,,,,,
1,41,1681,3,1,,,,,,
1,41,1681,3,1,,,,,,
1,41,1681,6,1,,,,,,
1,41,1681,3,1,,,,,,
1,41,1681,3,1,,,,,,
1,41,1681,3,1,,,,,,
1,41,1681,3,1,,,,,,
1,41,1681,3,1,,,,,,
1,41,1681,5,1,,,,,,
1,41,1681,3,1,,,,,,
1,41,1681,3,1,,,,,,
1,41,1681,3,1,,,,,,
1,41,1681,3,1,,,,,,
1,41,1681,3,1,,,,,,
1,41,1681,3,1,,,,,,
1,41,1681,3,2,,,,,,
1,41,1681,3,1,,,,,,
1,41,1681,3,1,,,,,,
1,41,1681,5,1,,,,,,
1,41,1681,4,2,,,,,,
1,41,1681,2,1,,,,,,
1,41,1681,3,1,,,,,,
1,41,1681,6,1,,,,,,
1,41,1681,5,1,,,,,,
1,41,1681,3,1,,,,,,
1,41,1681,4,1,,,,,,
1,41,1681,1,4,,,,,,
1,41,1681,3,1,,,,,,
1,41,1681,3,1,,,,,,
1,41,1681,3,1,,,,,,
1,41,1681,3,1,,,,,,
1,41,1681,3,1,,,,,,
1,41,1681,3,1,,,,,,
1,41,1681,3,1,,,,,,
1,41,1681,6,1,,,,,,
1,41,1681,3,2,,,,,,
1,41,1681,3,1,,,,,,
1,41,1681,3,1,,,,,,
1,41,1681,5,1,,,,,,
1,41,1681,5,1,,,,,,
1,41,1681,6,1,,,,,,
1,41,1681,2,1,,,,,,
1,41,1681,3,2,,,,,,
1,41,1681,5,1,,,,,,
1,41,1681,7,1,,,,,,
1,41,1681,2,1,,,,,,
1,41,1681,3,1,,,,,,
1,41,1681,4,1,,,,,,
1,41,1681,3,1,,,,,,
1,41,1681,3,1,,,,,,
1,41,1681,4,1,,,,,,
1,41,1681,3,1,,,,,,
1,41,1681,3,1,,,,,,
1,41,1681,3,1,,,,,,
1,41,1681,3,1,,,,,,
1,41,1681,3,1,,,,,,
1,41,1681,3,1,,,,,,
1,42,1764,3,1,,,,,,
1,42,1764,3,1,,,,,,
1,42,1764,3,1,,,,,,
1,42,1764,3,1,,,,,,
1,42,1764,3,1,,,,,,
1,42,1764,6,1,,,,,,
1,42,1764,7,1,,,,,,
1,42,1764,6,1,,,,,,
1,42,1764,2,1,,,,,,
1,42,1764,3,1,,,,,,
1,42,1764,6,1,,,,,,
1,42,1764,6,1,,,,,,
1,42,1764,4,1,,,,,,
1,42,1764,3,1,,,,,,
1,42,1764,3,1,,,,,,
1,42,1764,3,1,,,,,,
1,42,1764,3,4,,,,,,
1,42,1764,3,1,,,,,,
1,42,1764,2,1,,,,,,
1,42,1764,5,2,,,,,,
1,42,1764,3,3,,,,,,
1,42,1764,3,4,,,,,,
1,42,1764,4,1,,,,,,
1,42,1764,3,3,,,,,,
1,42,1764,3,1,,,,,,
1,42,1764,3,1,,,,,,
1,42,1764,3,1,,,,,,
1,42,1764,3,1,,,,,,
1,42,1764,3,1,,,,,,
1,42,1764,3,2,,,,,,
1,42,1764,3,1,,,,,,
1,42,1764,2,1,,,,,,
1,42,1764,3,1,,,,,,
1,42,1764,3,1,,,,,,
1,42,1764,1,4,,,,,,
1,42,1764,3,1,,,,,,
1,42,1764,3,1,,,,,,
1,42,1764,3,1,,,,,,
1,42,1764,3,1,,,,,,
1,42,1764,3,1,,,,,,
1,42,1764,3,1,,,,,,
1,42,1764,3,1,,,,,,
1,42,1764,3,1,,,,,,
1,42,1764,3,1,,,,,,
1,42,1764,3,1,,,,,,
1,42,1764,3,1,,,,,,
1,42,1764,3,2,,,,,,
1,42,1764,7,1,,,,,,
1,42,1764,5,1,,,,,,
1,42,1764,2,1,,,,,,
1,42,1764,3,1,,,,,,
1,42,1764,3,1,,,,,,
1,42,1764,3,1,,,,,,
1,42,1764,3,1,,,,,,
1,42,1764,3,1,,,,,,
1,42,1764,3,1,,,,,,
1,42,1764,6,1,,,,,,
1,42,1764,2,1,,,,,,
1,42,1764,3,1,,,,,,
1,42,1764,5,1,,,,,,
1,42,1764,4,1,,,,,,
1,42,1764,6,1,,,,,,
1,42,1764,3,1,,,,,,
1,42,1764,2,1,,,,,,
1,42,1764,6,1,,,,,,
1,42,1764,3,1,,,,,,
1,42,1764,3,2,,,,,,
1,42,1764,2,1,,,,,,
1,42,1764,3,1,,,,,,
1,42,1764,3,1,,,,,,
1,42,1764,3,1,,,,,,
1,42,1764,3,1,,,,,,
1,42,1764,3,4,,,,,,
1,42,1764,3,1,,,,,,
1,42,1764,3,1,,,,,,
1,42,1764,3,1,,,,,,
1,42,1764,2,1,,,,,,
1,43,1849,3,1,,,,,,
1,43,1849,6,1,,,,,,
1,43,1849,6,1,,,,,,
1,43,1849,4,1,,,,,,
1,43,1849,3,1,,,,,,
1,43,1849,3,1,,,,,,
1,43,1849,3,1,,,,,,
1,43,1849,3,1,,,,,,
1,43,1849,6,1,,,,,,
1,43,1849,3,1,,,,,,
1,43,1849,7,1,,,,,,
1,43,1849,3,1,,,,,,
1,43,1849,3,1,,,,,,
1,43,1849,5,1,,,,,,
1,43,1849,3,1,,,,,,
1,43,1849,3,1,,,,,,
1,43,1849,3,1,,,,,,
1,43,1849,3,1,,,,,,
1,43,1849,3,1,,,,,,
1,43,1849,3,1,,,,,,
1,43,1849,6,1,,,,,,
1,43,1849,7,1,,,,,,
1,43,1849,3,1,,,,,,
1,43,1849,3,1,,,,,,
1,43,1849,3,1,,,,,,
1,43,1849,3,1,,,,,,
1,43,1849,3,1,,,,,,
1,43,1849,4,1,,,,,,
1,43,1849,3,4,,,,,,
1,43,1849,3,1,,,,,,
1,43,1849,3,1,,,,,,
1,43,1849,5,1,,,,,,
1,43,1849,3,1,,,,,,
1,43,1849,3,1,,,,,,
1,43,1849,6,1,,,,,,
1,43,1849,3,1,,,,,,
1,43,1849,4,1,,,,,,
1,43,1849,3,4,,,,,,
1,43,1849,3,1,,,,,,
1,43,1849,6,1,,,,,,
1,43,1849,3,1,,,,,,
1,43,1849,3,1,,,,,,
1,43,1849,2,1,,,,,,
1,43,1849,1,4,,,,,,
1,43,1849,3,1,,,,,,
1,43,1849,5,1,,,,,,
1,43,1849,3,1,,,,,,
1,43,1849,6,1,,,,,,
1,43,1849,3,1,,,,,,
1,43,1849,3,1,,,,,,
1,43,1849,4,1,,,,,,
1,43,1849,3,1,,,,,,
1,43,1849,1,4,,,,,,
1,43,1849,3,1,,,,,,
1,43,1849,4,1,,,,,,
1,43,1849,3,1,,,,,,
1,43,1849,3,1,,,,,,
1,43,1849,5,1,,,,,,
1,43,1849,6,1,,,,,,
1,43,1849,2,1,,,,,,
1,43,1849,3,1,,,,,,
1,43,1849,3,1,,,,,,
1,43,1849,3,1,,,,,,
1,43,1849,3,1,,,,,,
1,43,1849,6,1,,,,,,
1,43,1849,6,1,,,,,,
1,43,1849,5,1,,,,,,
1,43,1849,3,1,,,,,,
1,43,1849,3,1,,,,,,
1,43,1849,5,1,,,,,,
1,43,1849,3,1,,,,,,
1,43,1849,3,1,,,,,,
1,43,1849,3,1,,,,,,
1,43,1849,5,1,,,,,,
1,43,1849,5,1,,,,,,
1,43,1849,6,2,,,,,,
1,43,1849,6,1,,,,,,
1,43,1849,6,1,,,,,,
1,43,1849,3,1,,,,,,
1,43,1849,3,1,,,,,,
1,43,1849,3,1,,,,,,
1,43,1849,3,1,,,,,,
1,43,1849,3,1,,,,,,
1,44,1936,3,1,,,,,,
1,44,1936,3,2,,,,,,
1,44,1936,3,1,,,,,,
1,44,1936,7,1,,,,,,
1,44,1936,3,1,,,,,,
1,44,1936,2,1,,,,,,
1,44,1936,4,1,,,,,,
1,44,1936,3,1,,,,,,
1,44,1936,3,1,,,,,,
1,44,1936,3,1,,,,,,
1,44,1936,3,1,,,,,,
1,44,1936,1,4,,,,,,
1,44,1936,3,1,,,,,,
1,44,1936,3,1,,,,,,
1,44,1936,3,1,,,,,,
1,44,1936,3,1,,,,,,
1,44,1936,3,1,,,,,,
1,44,1936,3,1,,,,,,
1,44,1936,3,1,,,,,,
1,44,1936,6,1,,,,,,
1,44,1936,4,1,,,,,,
1,44,1936,5,1,,,,,,
1,44,1936,6,1,,,,,,
1,44,1936,3,1,,,,,,
1,44,1936,7,1,,,,,,
1,44,1936,7,1,,,,,,
1,44,1936,3,1,,,,,,
1,44,1936,5,1,,,,,,
1,44,1936,6,1,,,,,,
1,44,1936,3,1,,,,,,
1,44,1936,3,1,,,,,,
1,44,1936,3,1,,,,,,
1,44,1936,3,1,,,,,,
1,44,1936,6,1,,,,,,
1,44,1936,3,1,,,,,,
1,44,1936,6,1,,,,,,
1,44,1936,2,1,,,,,,
1,44,1936,3,1,,,,,,
1,44,1936,6,1,,,,,,
1,44,1936,5,1,,,,,,
1,44,1936,3,1,,,,,,
1,44,1936,3,4,,,,,,
1,44,1936,4,1,,,,,,
1,44,1936,4,1,,,,,,
1,44,1936,3,1,,,,,,
1,44,1936,6,1,,,,,,
1,44,1936,2,1,,,,,,
1,44,1936,3,1,,,,,,
1,44,1936,5,1,,,,,,
1,44,1936,6,1,,,,,,
1,44,1936,6,1,,,,,,
1,44,1936,3,1,,,,,,
1,44,1936,3,1,,,,,,
1,44,1936,3,1,,,,,,
1,44,1936,2,1,,,,,,
1,44,1936,6,1,,,,,,
1,44,1936,3,1,,,,,,
1,44,1936,3,1,,,,,,
1,44,1936,3,1,,,,,,
1,44,1936,4,1,,,,,,
1,44,1936,3,1,,,,,,
1,44,1936,5,1,,,,,,
1,44,1936,4,1,,,,,,
1,44,1936,3,1,,,,,,
1,44,1936,3,1,,,,,,
1,44,1936,3,1,,,,,,
1,44,1936,1,1,,,,,,
1,44,1936,2,2,,,,,,
1,44,1936,2,1,,,,,,
1,44,1936,6,1,,,,,,
1,44,1936,3,1,,,,,,
1,44,1936,3,1,,,,,,
1,44,1936,3,1,,,,,,
1,44,1936,3,2,,,,,,
1,45,2025,6,1,,,,,,
1,45,2025,3,1,,,,,,
1,45,2025,7,1,,,,,,
1,45,2025,3,1,,,,,,
1,45,2025,3,1,,,,,,
1,45,2025,5,1,,,,,,
1,45,2025,3,1,,,,,,
1,45,2025,3,1,,,,,,
1,45,2025,3,1,,,,,,
1,45,2025,5,1,,,,,,
1,45,2025,5,1,,,,,,
1,45,2025,3,1,,,,,,
1,45,2025,6,1,,,,,,
1,45,2025,3,1,,,,,,
1,45,2025,3,1,,,,,,
1,45,2025,3,2,,,,,,
1,45,2025,5,1,,,,,,
1,45,2025,6,1,,,,,,
1,45,2025,3,1,,,,,,
1,45,2025,3,1,,,,,,
1,45,2025,6,1,,,,,,
1,45,2025,3,1,,,,,,
1,45,2025,3,1,,,,,,
1,45,2025,3,1,,,,,,
1,45,2025,3,1,,,,,,
1,45,2025,3,1,,,,,,
1,45,2025,3,1,,,,,,
1,45,2025,3,4,,,,,,
1,45,2025,5,1,,,,,,
1,45,2025,6,1,,,,,,
1,45,2025,6,1,,,,,,
1,45,2025,3,1,,,,,,
1,45,2025,3,1,,,,,,
1,45,2025,7,1,,,,,,
1,45,2025,3,1,,,,,,
1,45,2025,3,1,,,,,,
1,45,2025,6,1,,,,,,
1,45,2025,3,2,,,,,,
1,45,2025,3,1,,,,,,
1,45,2025,3,1,,,,,,
1,45,2025,3,1,,,,,,
1,45,2025,6,1,,,,,,
1,45,2025,2,1,,,,,,
1,45,2025,3,1,,,,,,
1,45,2025,6,1,,,,,,
1,45,2025,3,1,,,,,,
1,45,2025,3,1,,,,,,
1,45,2025,6,1,,,,,,
1,45,2025,4,1,,,,,,
1,45,2025,3,1,,,,,,
1,45,2025,3,1,,,,,,
1,45,2025,6,1,,,,,,
1,45,2025,3,1,,,,,,
1,45,2025,3,1,,,,,,
1,45,2025,3,1,,,,,,
1,45,2025,2,1,,,,,,
1,45,2025,3,1,,,,,,
1,45,2025,3,1,,,,,,
1,45,2025,3,1,,,,,,
1,45,2025,3,1,,,,,,
1,45,2025,3,1,,,,,,
1,45,2025,3,1,,,,,,
1,45,2025,7,1,,,,,,
1,45,2025,3,1,,,,,,
1,45,2025,3,1,,,,,,
1,45,2025,3,1,,,,,,
1,45,2025,6,1,,,,,,
1,45,2025,3,1,,,,,,
1,45,2025,6,1,,,,,,
1,45,2025,5,1,,,,,,
1,45,2025,3,1,,,,,,
1,45,2025,4,1,,,,,,
1,45,2025,3,1,,,,,,
1,45,2025,3,1,,,,,,
1,46,2116,3,1,,,,,,
1,46,2116,6,1,,,,,,
1,46,2116,4,1,,,,,,
1,46,2116,3,1,,,,,,
1,46,2116,3,1,,,,,,
1,46,2116,3,1,,,,,,
1,46,2116,3,1,,,,,,
1,46,2116,6,1,,,,,,
1,46,2116,4,1,,,,,,
1,46,2116,3,1,,,,,,
1,46,2116,3,1,,,,,,
1,46,2116,6,1,,,,,,
1,46,2116,3,1,,,,,,
1,46,2116,6,1,,,,,,
1,46,2116,6,1,,,,,,
1,46,2116,5,1,,,,,,
1,46,2116,4,1,,,,,,
1,46,2116,3,1,,,,,,
1,46,2116,3,1,,,,,,
1,46,2116,6,1,,,,,,
1,46,2116,3,1,,,,,,
1,46,2116,3,1,,,,,,
1,46,2116,2,1,,,,,,
1,46,2116,3,1,,,,,,
1,46,2116,6,1,,,,,,
1,46,2116,3,1,,,,,,
1,46,2116,5,1,,,,,,
1,46,2116,3,1,,,,,,
1,46,2116,3,1,,,,,,
1,46,2116,3,1,,,,,,
1,46,2116,3,1,,,,,,
1,46,2116,3,1,,,,,,
1,46,2116,3,1,,,,,,
1,46,2116,6,1,,,,,,
1,46,2116,3,1,,,,,,
1,46,2116,3,1,,,,,,
1,46,2116,3,1,,,,,,
1,46,2116,3,1,,,,,,
1,46,2116,5,1,,,,,,
1,46,2116,3,1,,,,,,
1,46,2116,2,1,,,,,,
1,46,2116,3,1,,,,,,
1,46,2116,3,1,,,,,,
1,46,2116,5,1,,,,,,
1,46,2116,6,1,,,,,,
1,46,2116,2,1,,,,,,
1,46,2116,5,1,,,,,,
1,46,2116,2,1,,,,,,
1,46,2116,3,1,,,,,,
1,46,2116,3,1,,,,,,
1,46,2116,3,1,,,,,,
1,46,2116,4,1,,,,,,
1,46,2116,3,1,,,,,,
1,46,2116,4,1,,,,,,
1,46,2116,3,1,,,,,,
1,46,2116,3,2,,,,,,
1,46,2116,3,1,,,,,,
1,46,2116,7,1,,,,,,
1,46,2116,5,1,,,,,,
1,46,2116,3,1,,,,,,
1,46,2116,2,1,,,,,,
1,46,2116,3,1,,,,,,
1,46,2116,3,1,,,,,,
1,46,2116,1,4,,,,,,
1,46,2116,4,1,,,,,,
1,46,2116,3,1,,,,,,
1,46,2116,7,1,,,,,,
1,46,2116,3,1,,,,,,
1,46,2116,2,1,,,,,,
1,46,2116,3,1,,,,,,
1,46,2116,3,1,,,,,,
1,46,2116,2,6,,,,,,
1,46,2116,3,1,,,,,,
1,46,2116,2,1,,,,,,
1,46,2116,3,1,,,,,,
1,46,2116,3,1,,,,,,
1,46,2116,5,1,,,,,,
1,46,2116,1,4,,,,,,
1,46,2116,2,4,,,,,,
1,46,2116,6,1,,,,,,
1,46,2116,6,1,,,,,,
1,46,2116,3,1,,,,,,
1,46,2116,3,1,,,,,,
1,46,2116,3,1,,,,,,
1,47,2209,3,1,,,,,,
1,47,2209,3,1,,,,,,
1,47,2209,7,1,,,,,,
1,47,2209,3,1,,,,,,
1,47,2209,3,1,,,,,,
1,47,2209,5,1,,,,,,
1,47,2209,6,1,,,,,,
1,47,2209,3,1,,,,,,
1,47,2209,3,1,,,,,,
1,47,2209,3,1,,,,,,
1,47,2209,7,1,,,,,,
1,47,2209,2,1,,,,,,
1,47,2209,7,1,,,,,,
1,47,2209,3,1,,,,,,
1,47,2209,3,1,,,,,,
1,47,2209,3,1,,,,,,
1,47,2209,3,1,,,,,,
1,47,2209,3,1,,,,,,
1,47,2209,3,1,,,,,,
1,47,2209,3,1,,,,,,
1,47,2209,7,1,,,,,,
1,47,2209,3,1,,,,,,
1,47,2209,3,1,,,,,,
1,47,2209,3,1,,,,,,
1,47,2209,3,1,,,,,,
1,47,2209,5,1,,,,,,
1,47,2209,6,1,,,,,,
1,47,2209,3,1,,,,,,
1,47,2209,6,1,,,,,,
1,47,2209,3,1,,,,,,
1,47,2209,6,1,,,,,,
1,47,2209,3,1,,,,,,
1,47,2209,3,1,,,,,,
1,47,2209,3,1,,,,,,
1,47,2209,3,1,,,,,,
1,47,2209,5,1,,,,,,
1,47,2209,6,1,,,,,,
1,47,2209,3,1,,,,,,
1,47,2209,3,1,,,,,,
1,47,2209,3,1,,,,,,
1,47,2209,3,1,,,,,,
1,47,2209,5,1,,,,,,
1,47,2209,6,2,,,,,,
1,47,2209,4,1,,,,,,
1,47,2209,5,1,,,,,,
1,47,2209,3,1,,,,,,
1,47,2209,3,1,,,,,,
1,47,2209,6,1,,,,,,
1,47,2209,3,2,,,,,,
1,47,2209,3,1,,,,,,
1,47,2209,6,1,,,,,,
1,47,2209,3,1,,,,,,
1,47,2209,4,1,,,,,,
1,47,2209,3,1,,,,,,
1,47,2209,3,1,,,,,,
1,47,2209,3,2,,,,,,
1,47,2209,2,1,,,,,,
1,47,2209,3,1,,,,,,
1,47,2209,3,2,,,,,,
1,47,2209,3,1,,,,,,
1,47,2209,3,1,,,,,,
1,47,2209,3,1,,,,,,
1,47,2209,3,3,,,,,,
1,47,2209,3,1,,,,,,
1,47,2209,3,1,,,,,,
1,47,2209,3,1,,,,,,
1,47,2209,3,1,,,,,,
1,47,2209,3,1,,,,,,
1,47,2209,3,1,,,,,,
1,47,2209,2,1,,,,,,
1,47,2209,4,1,,,,,,
1,47,2209,6,1,,,,,,
1,47,2209,3,1,,,,,,
1,47,2209,2,4,,,,,,
1,47,2209,6,1,,,,,,
1,47,2209,3,1,,,,,,
1,47,2209,3,1,,,,,,
1,47,2209,3,1,,,,,,
1,47,2209,2,1,,,,,,
1,47,2209,4,1,,,,,,
1,47,2209,6,1,,,,,,
1,47,2209,3,1,,,,,,
1,48,2304,2,2,,,,,,
1,48,2304,3,1,,,,,,
1,48,2304,3,1,,,,,,
1,48,2304,3,1,,,,,,
1,48,2304,1,4,,,,,,
1,48,2304,3,2,,,,,,
1,48,2304,2,1,,,,,,
1,48,2304,7,1,,,,,,
1,48,2304,3,1,,,,,,
1,48,2304,2,1,,,,,,
1,48,2304,2,1,,,,,,
1,48,2304,3,1,,,,,,
1,48,2304,3,1,,,,,,
1,48,2304,3,3,,,,,,
1,48,2304,3,1,,,,,,
1,48,2304,5,1,,,,,,
1,48,2304,4,1,,,,,,
1,48,2304,3,1,,,,,,
1,48,2304,2,4,,,,,,
1,48,2304,3,1,,,,,,
1,48,2304,3,1,,,,,,
1,48,2304,3,1,,,,,,
1,48,2304,3,1,,,,,,
1,48,2304,3,1,,,,,,
1,48,2304,3,1,,,,,,
1,48,2304,3,4,,,,,,
1,48,2304,3,1,,,,,,
1,48,2304,3,1,,,,,,
1,48,2304,5,1,,,,,,
1,48,2304,7,1,,,,,,
1,48,2304,3,1,,,,,,
1,48,2304,3,4,,,,,,
1,48,2304,3,1,,,,,,
1,48,2304,2,1,,,,,,
1,48,2304,1,4,,,,,,
1,48,2304,3,1,,,,,,
1,48,2304,3,1,,,,,,
1,48,2304,2,1,,,,,,
1,48,2304,1,2,,,,,,
1,48,2304,6,1,,,,,,
1,48,2304,3,1,,,,,,
1,48,2304,6,1,,,,,,
1,48,2304,3,1,,,,,,
1,48,2304,3,1,,,,,,
1,48,2304,6,1,,,,,,
1,48,2304,3,1,,,,,,
1,48,2304,3,1,,,,,,
1,48,2304,3,2,,,,,,
1,48,2304,3,1,,,,,,
1,48,2304,3,1,,,,,,
1,48,2304,7,1,,,,,,
1,48,2304,3,1,,,,,,
1,48,2304,3,1,,,,,,
1,48,2304,4,1,,,,,,
1,48,2304,3,3,,,,,,
1,48,2304,4,1,,,,,,
1,48,2304,2,1,,,,,,
1,48,2304,3,1,,,,,,
1,48,2304,3,1,,,,,,
1,48,2304,3,1,,,,,,
1,48,2304,3,1,,,,,,
1,48,2304,3,1,,,,,,
1,48,2304,2,1,,,,,,
1,48,2304,3,1,,,,,,
1,48,2304,4,1,,,,,,
1,48,2304,6,1,,,,,,
1,48,2304,3,1,,,,,,
1,48,2304,3,1,,,,,,
1,48,2304,2,1,,,,,,
1,48,2304,3,1,,,,,,
1,48,2304,2,1,,,,,,
1,48,2304,3,1,,,,,,
1,48,2304,3,1,,,,,,
1,48,2304,3,1,,,,,,
1,48,2304,3,1,,,,,,
1,48,2304,3,2,,,,,,
1,48,2304,5,4,,,,,,
1,48,2304,7,1,,,,,,
1,48,2304,3,4,,,,,,
1,48,2304,4,1,,,,,,
1,48,2304,2,1,,,,,,
1,48,2304,2,1,,,,,,
1,48,2304,6,1,,,,,,
1,48,2304,3,1,,,,,,
1,48,2304,7,1,,,,,,
1,48,2304,6,2,,,,,,
1,48,2304,3,1,,,,,,
1,48,2304,5,1,,,,,,
1,48,2304,3,1,,,,,,
1,49,2401,3,1,,,,,,
1,49,2401,7,1,,,,,,
1,49,2401,7,1,,,,,,
1,49,2401,3,1,,,,,,
1,49,2401,3,1,,,,,,
1,49,2401,3,1,,,,,,
1,49,2401,3,1,,,,,,
1,49,2401,2,1,,,,,,
1,49,2401,4,3,,,,,,
1,49,2401,2,1,,,,,,
1,49,2401,3,1,,,,,,
1,49,2401,3,1,,,,,,
1,49,2401,5,1,,,,,,
1,49,2401,5,1,,,,,,
1,49,2401,4,1,,,,,,
1,49,2401,1,4,,,,,,
1,49,2401,7,1,,,,,,
1,49,2401,3,1,,,,,,
1,49,2401,3,1,,,,,,
1,49,2401,6,1,,,,,,
1,49,2401,3,1,,,,,,
1,49,2401,7,1,,,,,,
1,49,2401,3,1,,,,,,
1,49,2401,7,1,,,,,,
1,49,2401,3,1,,,,,,
1,49,2401,4,1,,,,,,
1,49,2401,2,1,,,,,,
1,49,2401,6,1,,,,,,
1,49,2401,6,1,,,,,,
1,49,2401,3,1,,,,,,
1,49,2401,2,1,,,,,,
1,49,2401,3,1,,,,,,
1,49,2401,4,1,,,,,,
1,49,2401,3,1,,,,,,
1,49,2401,3,1,,,,,,
1,49,2401,3,1,,,,,,
1,49,2401,3,1,,,,,,
1,49,2401,3,1,,,,,,
1,49,2401,2,1,,,,,,
1,49,2401,7,1,,,,,,
1,49,2401,7,1,,,,,,
1,49,2401,3,1,,,,,,
1,49,2401,2,1,,,,,,
1,49,2401,6,1,,,,,,
1,49,2401,3,1,,,,,,
1,49,2401,2,1,,,,,,
1,49,2401,3,1,,,,,,
1,49,2401,3,1,,,,,,
1,49,2401,3,1,,,,,,
1,49,2401,3,1,,,,,,
1,49,2401,4,1,,,,,,
1,49,2401,3,1,,,,,,
1,49,2401,4,1,,,,,,
1,49,2401,3,1,,,,,,
1,49,2401,6,1,,,,,,
1,49,2401,2,4,,,,,,
1,49,2401,3,1,,,,,,
1,49,2401,3,1,,,,,,
1,49,2401,4,1,,,,,,
1,49,2401,3,1,,,,,,
1,49,2401,3,1,,,,,,
1,49,2401,3,1,,,,,,
1,49,2401,3,1,,,,,,
1,49,2401,3,1,,,,,,
1,49,2401,3,1,,,,,,
1,49,2401,2,1,,,,,,
1,49,2401,6,1,,,,,,
1,49,2401,3,1,,,,,,
1,49,2401,1,2,,,,,,
1,49,2401,6,1,,,,,,
1,49,2401,7,1,,,,,,
1,49,2401,3,1,,,,,,
1,49,2401,3,1,,,,,,
1,49,2401,3,1,,,,,,
1,49,2401,2,1,,,,,,
1,49,2401,3,1,,,,,,
1,49,2401,3,1,,,,,,
1,49,2401,2,1,,,,,,
1,49,2401,3,1,,,,,,
1,49,2401,3,1,,,,,,
1,49,2401,3,1,,,,,,
1,49,2401,3,1,,,,,,
1,49,2401,3,1,,,,,,
1,49,2401,6,1,,,,,,
1,49,2401,3,2,,,,,,
1,49,2401,3,1,,,,,,
1,49,2401,3,1,,,,,,
1,50,2500,3,1,,,,,,
1,50,2500,2,1,,,,,,
1,50,2500,3,1,,,,,,
1,50,2500,3,1,,,,,,
1,50,2500,5,1,,,,,,
1,50,2500,6,1,,,,,,
1,50,2500,3,1,,,,,,
1,50,2500,3,1,,,,,,
1,50,2500,3,1,,,,,,
1,50,2500,3,1,,,,,,
1,50,2500,3,1,,,,,,
1,50,2500,3,1,,,,,,
1,50,2500,3,1,,,,,,
1,50,2500,3,1,,,,,,
1,50,2500,3,1,,,,,,
1,50,2500,3,1,,,,,,
1,50,2500,2,1,,,,,,
1,50,2500,3,1,,,,,,
1,50,2500,3,1,,,,,,
1,50,2500,3,1,,,,,,
1,50,2500,3,1,,,,,,
1,50,2500,2,3,,,,,,
1,50,2500,3,1,,,,,,
1,50,2500,3,1,,,,,,
1,50,2500,3,1,,,,,,
1,50,2500,2,2,,,,,,
1,50,2500,3,1,,,,,,
1,50,2500,3,1,,,,,,
1,50,2500,7,1,,,,,,
1,50,2500,6,1,,,,,,
1,50,2500,3,1,,,,,,
1,50,2500,4,1,,,,,,
1,50,2500,6,1,,,,,,
1,50,2500,6,1,,,,,,
1,50,2500,3,1,,,,,,
1,50,2500,3,1,,,,,,
1,50,2500,6,1,,,,,,
1,50,2500,3,6,,,,,,
1,50,2500,6,1,,,,,,
1,50,2500,3,1,,,,,,
1,50,2500,4,1,,,,,,
1,50,2500,2,1,,,,,,
1,50,2500,3,1,,,,,,
1,50,2500,3,1,,,,,,
1,50,2500,3,1,,,,,,
1,50,2500,6,1,,,,,,
1,50,2500,3,1,,,,,,
1,50,2500,3,1,,,,,,
1,50,2500,7,1,,,,,,
1,50,2500,3,1,,,,,,
1,50,2500,3,1,,,,,,
1,50,2500,3,1,,,,,,
1,50,2500,3,1,,,,,,
1,50,2500,3,1,,,,,,
1,50,2500,3,1,,,,,,
1,50,2500,1,4,,,,,,
1,50,2500,3,4,,,,,,
1,50,2500,5,1,,,,,,
1,50,2500,3,1,,,,,,
1,50,2500,3,1,,,,,,
1,50,2500,3,1,,,,,,
1,50,2500,3,1,,,,,,
1,50,2500,3,1,,,,,,
1,50,2500,6,1,,,,,,
1,50,2500,3,1,,,,,,
1,50,2500,3,1,,,,,,
1,50,2500,7,1,,,,,,
1,50,2500,3,1,,,,,,
1,50,2500,3,1,,,,,,
1,50,2500,3,1,,,,,,
1,50,2500,2,1,,,,,,
1,50,2500,3,1,,,,,,
1,50,2500,3,2,,,,,,
1,50,2500,7,1,,,,,,
1,50,2500,3,1,,,,,,
1,50,2500,3,1,,,,,,
1,51,2601,6,1,,,,,,
1,51,2601,3,1,,,,,,
1,51,2601,3,1,,,,,,
1,51,2601,3,1,,,,,,
1,51,2601,3,1,,,,,,
1,51,2601,3,1,,,,,,
1,51,2601,3,1,,,,,,
1,51,2601,3,1,,,,,,
1,51,2601,6,1,,,,,,
1,51,2601,3,1,,,,,,
1,51,2601,2,1,,,,,,
1,51,2601,3,1,,,,,,
1,51,2601,3,1,,,,,,
1,51,2601,3,1,,,,,,
1,51,2601,3,1,,,,,,
1,51,2601,3,1,,,,,,
1,51,2601,4,4,,,,,,
1,51,2601,6,1,,,,,,
1,51,2601,3,1,,,,,,
1,51,2601,2,1,,,,,,
1,51,2601,5,1,,,,,,
1,51,2601,7,1,,,,,,
1,51,2601,3,1,,,,,,
1,51,2601,3,1,,,,,,
1,51,2601,4,1,,,,,,
1,51,2601,3,1,,,,,,
1,51,2601,1,1,,,,,,
1,51,2601,3,1,,,,,,
1,51,2601,6,1,,,,,,
1,51,2601,6,1,,,,,,
1,51,2601,3,1,,,,,,
1,51,2601,3,1,,,,,,
1,51,2601,3,1,,,,,,
1,51,2601,5,1,,,,,,
1,51,2601,6,1,,,,,,
1,51,2601,4,1,,,,,,
1,51,2601,3,1,,,,,,
1,51,2601,3,1,,,,,,
1,51,2601,3,1,,,,,,
1,51,2601,3,1,,,,,,
1,51,2601,3,1,,,,,,
1,51,2601,3,1,,,,,,
1,51,2601,3,1,,,,,,
1,51,2601,6,1,,,,,,
1,51,2601,7,1,,,,,,
1,51,2601,7,1,,,,,,
1,51,2601,3,1,,,,,,
1,51,2601,4,1,,,,,,
1,51,2601,3,1,,,,,,
1,51,2601,3,1,,,,,,
1,51,2601,3,1,,,,,,
1,51,2601,4,1,,,,,,
1,51,2601,5,1,,,,,,
1,51,2601,3,1,,,,,,
1,51,2601,3,1,,,,,,
1,51,2601,3,1,,,,,,
1,51,2601,3,1,,,,,,
1,51,2601,3,1,,,,,,
1,51,2601,3,1,,,,,,
1,51,2601,2,1,,,,,,
1,51,2601,3,1,,,,,,
1,51,2601,3,1,,,,,,
1,51,2601,3,1,,,,,,
1,51,2601,1,6,,,,,,
1,51,2601,3,1,,,,,,
1,51,2601,6,1,,,,,,
1,51,2601,3,1,,,,,,
1,52,2704,2,2,,,,,,
1,52,2704,3,1,,,,,,
1,52,2704,3,1,,,,,,
1,52,2704,3,1,,,,,,
1,52,2704,3,1,,,,,,
1,52,2704,3,1,,,,,,
1,52,2704,2,1,,,,,,
1,52,2704,4,1,,,,,,
1,52,2704,2,1,,,,,,
1,52,2704,3,1,,,,,,
1,52,2704,3,1,,,,,,
1,52,2704,3,1,,,,,,
1,52,2704,3,1,,,,,,
1,52,2704,5,1,,,,,,
1,52,2704,3,1,,,,,,
1,52,2704,6,3,,,,,,
1,52,2704,4,1,,,,,,
1,52,2704,3,1,,,,,,
1,52,2704,6,1,,,,,,
1,52,2704,6,1,,,,,,
1,52,2704,2,1,,,,,,
1,52,2704,3,1,,,,,,
1,52,2704,3,1,,,,,,
1,52,2704,3,1,,,,,,
1,52,2704,3,1,,,,,,
1,52,2704,3,1,,,,,,
1,52,2704,3,1,,,,,,
1,52,2704,3,1,,,,,,
1,52,2704,3,1,,,,,,
1,52,2704,3,1,,,,,,
1,52,2704,3,1,,,,,,
1,52,2704,3,1,,,,,,
1,52,2704,3,1,,,,,,
1,52,2704,3,1,,,,,,
1,52,2704,5,1,,,,,,
1,52,2704,7,1,,,,,,
1,52,2704,3,1,,,,,,
1,52,2704,6,1,,,,,,
1,52,2704,3,1,,,,,,
1,52,2704,3,3,,,,,,
1,52,2704,5,1,,,,,,
1,52,2704,2,1,,,,,,
1,52,2704,6,1,,,,,,
1,52,2704,6,1,,,,,,
1,52,2704,3,1,,,,,,
1,52,2704,3,1,,,,,,
1,52,2704,3,1,,,,,,
1,52,2704,3,1,,,,,,
1,52,2704,3,1,,,,,,
1,52,2704,4,1,,,,,,
1,52,2704,3,1,,,,,,
1,52,2704,7,1,,,,,,
1,52,2704,2,1,,,,,,
1,52,2704,5,1,,,,,,
1,52,2704,6,1,,,,,,
1,52,2704,3,1,,,,,,
1,52,2704,3,1,,,,,,
1,52,2704,3,1,,,,,,
1,52,2704,3,1,,,,,,
1,52,2704,6,1,,,,,,
1,52,2704,3,1,,,,,,
1,52,2704,3,1,,,,,,
1,52,2704,3,1,,,,,,
1,52,2704,3,1,,,,,,
1,52,2704,3,1,,,,,,
1,52,2704,3,3,,,,,,
1,52,2704,3,1,,,,,,
1,52,2704,2,1,,,,,,
1,52,2704,4,1,,,,,,
1,52,2704,2,1,,,,,,
1,52,2704,3,1,,,,,,
1,52,2704,3,1,,,,,,
1,52,2704,3,1,,,,,,
1,52,2704,2,4,,,,,,
1,52,2704,3,1,,,,,,
1,53,2809,2,1,,,,,,
1,53,2809,5,1,,,,,,
1,53,2809,3,1,,,,,,
1,53,2809,3,1,,,,,,
1,53,2809,2,1,,,,,,
1,53,2809,3,1,,,,,,
1,53,2809,3,1,,,,,,
1,53,2809,6,1,,,,,,
1,53,2809,3,1,,,,,,
1,53,2809,6,1,,,,,,
1,53,2809,3,1,,,,,,
1,53,2809,4,1,,,,,,
1,53,2809,5,1,,,,,,
1,53,2809,3,1,,,,,,
1,53,2809,3,1,,,,,,
1,53,2809,4,1,,,,,,
1,53,2809,3,1,,,,,,
1,53,2809,3,1,,,,,,
1,53,2809,3,1,,,,,,
1,53,2809,3,1,,,,,,
1,53,2809,3,1,,,,,,
1,53,2809,2,1,,,,,,
1,53,2809,3,1,,,,,,
1,53,2809,3,1,,,,,,
1,53,2809,1,1,,,,,,
1,53,2809,3,1,,,,,,
1,53,2809,6,1,,,,,,
1,53,2809,2,1,,,,,,
1,53,2809,3,1,,,,,,
1,53,2809,6,1,,,,,,
1,53,2809,4,1,,,,,,
1,53,2809,3,1,,,,,,
1,53,2809,3,1,,,,,,
1,53,2809,3,1,,,,,,
1,53,2809,3,1,,,,,,
1,53,2809,2,1,,,,,,
1,53,2809,3,1,,,,,,
1,53,2809,3,1,,,,,,
1,53,2809,4,3,,,,,,
1,53,2809,3,1,,,,,,
1,53,2809,3,1,,,,,,
1,53,2809,3,1,,,,,,
1,53,2809,2,1,,,,,,
1,53,2809,5,1,,,,,,
1,53,2809,5,1,,,,,,
1,53,2809,3,1,,,,,,
1,53,2809,3,2,,,,,,
1,53,2809,2,1,,,,,,
1,53,2809,3,1,,,,,,
1,53,2809,6,3,,,,,,
1,53,2809,3,1,,,,,,
1,53,2809,2,1,,,,,,
1,53,2809,2,1,,,,,,
1,53,2809,3,3,,,,,,
1,53,2809,2,4,,,,,,
1,53,2809,3,1,,,,,,
1,53,2809,3,1,,,,,,
1,53,2809,2,1,,,,,,
1,53,2809,3,1,,,,,,
1,53,2809,3,1,,,,,,
1,53,2809,3,1,,,,,,
1,53,2809,4,1,,,,,,
1,53,2809,6,1,,,,,,
1,53,2809,7,1,,,,,,
1,53,2809,3,1,,,,,,
1,53,2809,3,1,,,,,,
1,53,2809,2,1,,,,,,
1,53,2809,5,1,,,,,,
1,53,2809,3,1,,,,,,
1,53,2809,2,1,,,,,,
1,53,2809,2,1,,,,,,
1,53,2809,3,1,,,,,,
1,53,2809,6,1,,,,,,
1,53,2809,3,2,,,,,,
1,53,2809,3,1,,,,,,
1,53,2809,3,1,,,,,,
1,54,2916,3,1,,,,,,
1,54,2916,1,4,,,,,,
1,54,2916,4,1,,,,,,
1,54,2916,6,1,,,,,,
1,54,2916,4,1,,,,,,
1,54,2916,3,1,,,,,,
1,54,2916,3,1,,,,,,
1,54,2916,3,3,,,,,,
1,54,2916,2,1,,,,,,
1,54,2916,2,3,,,,,,
1,54,2916,5,1,,,,,,
1,54,2916,2,1,,,,,,
1,54,2916,4,1,,,,,,
1,54,2916,3,1,,,,,,
1,54,2916,3,1,,,,,,
1,54,2916,6,1,,,,,,
1,54,2916,7,1,,,,,,
1,54,2916,3,3,,,,,,
1,54,2916,3,1,,,,,,
1,54,2916,3,1,,,,,,
1,54,2916,3,1,,,,,,
1,54,2916,5,1,,,,,,
1,54,2916,3,3,,,,,,
1,54,2916,3,1,,,,,,
1,54,2916,6,1,,,,,,
1,54,2916,6,1,,,,,,
1,54,2916,3,1,,,,,,
1,54,2916,3,1,,,,,,
1,54,2916,3,1,,,,,,
1,54,2916,6,1,,,,,,
1,54,2916,2,1,,,,,,
1,54,2916,1,6,,,,,,
1,54,2916,2,1,,,,,,
1,54,2916,3,1,,,,,,
1,54,2916,3,1,,,,,,
1,54,2916,3,3,,,,,,
1,54,2916,3,2,,,,,,
1,54,2916,3,1,,,,,,
1,54,2916,3,1,,,,,,
1,54,2916,6,1,,,,,,
1,54,2916,3,1,,,,,,
1,54,2916,3,1,,,,,,
1,54,2916,3,1,,,,,,
1,54,2916,2,2,,,,,,
1,54,2916,3,2,,,,,,
1,54,2916,3,2,,,,,,
1,54,2916,2,2,,,,,,
1,54,2916,3,1,,,,,,
1,54,2916,6,1,,,,,,
1,54,2916,3,1,,,,,,
1,54,2916,1,6,,,,,,
1,54,2916,6,1,,,,,,
1,54,2916,4,1,,,,,,
1,54,2916,3,3,,,,,,
1,54,2916,3,1,,,,,,
1,54,2916,3,3,,,,,,
1,54,2916,3,1,,,,,,
1,54,2916,3,1,,,,,,
1,54,2916,2,1,,,,,,
1,54,2916,4,1,,,,,,
1,54,2916,6,1,,,,,,
1,54,2916,4,1,,,,,,
1,54,2916,3,1,,,,,,
1,54,2916,3,1,,,,,,
1,54,2916,7,1,,,,,,
1,54,2916,3,2,,,,,,
1,55,3025,2,1,,,,,,
1,55,3025,3,2,,,,,,
1,55,3025,3,1,,,,,,
1,55,3025,3,1,,,,,,
1,55,3025,3,1,,,,,,
1,55,3025,6,1,,,,,,
1,55,3025,3,2,,,,,,
1,55,3025,3,1,,,,,,
1,55,3025,3,1,,,,,,
1,55,3025,4,1,,,,,,
1,55,3025,6,1,,,,,,
1,55,3025,3,3,,,,,,
1,55,3025,3,1,,,,,,
1,55,3025,3,1,,,,,,
1,55,3025,4,1,,,,,,
1,55,3025,3,1,,,,,,
1,55,3025,3,1,,,,,,
1,55,3025,1,1,,,,,,
1,55,3025,6,1,,,,,,
1,55,3025,2,1,,,,,,
1,55,3025,3,4,,,,,,
1,55,3025,3,1,,,,,,
1,55,3025,7,1,,,,,,
1,55,3025,3,1,,,,,,
1,55,3025,3,1,,,,,,
1,55,3025,3,1,,,,,,
1,55,3025,6,1,,,,,,
1,55,3025,2,1,,,,,,
1,55,3025,2,1,,,,,,
1,55,3025,3,1,,,,,,
1,55,3025,5,1,,,,,,
1,55,3025,3,2,,,,,,
1,55,3025,3,1,,,,,,
1,55,3025,3,1,,,,,,
1,55,3025,3,1,,,,,,
1,55,3025,3,1,,,,,,
1,55,3025,3,1,,,,,,
1,55,3025,3,1,,,,,,
1,55,3025,3,1,,,,,,
1,55,3025,3,1,,,,,,
1,55,3025,3,1,,,,,,
1,55,3025,7,1,,,,,,
1,55,3025,6,1,,,,,,
1,55,3025,3,1,,,,,,
1,55,3025,3,1,,,,,,
1,55,3025,3,1,,,,,,
1,55,3025,4,2,,,,,,
1,55,3025,3,1,,,,,,
1,55,3025,6,1,,,,,,
1,55,3025,2,1,,,,,,
1,55,3025,3,1,,,,,,
1,55,3025,3,1,,,,,,
1,55,3025,6,1,,,,,,
1,55,3025,6,1,,,,,,
1,55,3025,3,3,,,,,,
1,55,3025,3,1,,,,,,
1,55,3025,3,1,,,,,,
1,55,3025,3,1,,,,,,
1,55,3025,3,1,,,,,,
1,55,3025,3,3,,,,,,
1,55,3025,7,2,,,,,,
1,55,3025,3,1,,,,,,
1,55,3025,3,1,,,,,,
1,56,3136,3,1,,,,,,
1,56,3136,2,1,,,,,,
1,56,3136,3,1,,,,,,
1,56,3136,7,1,,,,,,
1,56,3136,3,1,,,,,,
1,56,3136,3,1,,,,,,
1,56,3136,3,1,,,,,,
1,56,3136,3,1,,,,,,
1,56,3136,3,1,,,,,,
1,56,3136,3,1,,,,,,
1,56,3136,3,1,,,,,,
1,56,3136,3,3,,,,,,
1,56,3136,3,1,,,,,,
1,56,3136,6,1,,,,,,
1,56,3136,5,1,,,,,,
1,56,3136,2,1,,,,,,
1,56,3136,3,1,,,,,,
1,56,3136,2,4,,,,,,
1,56,3136,3,1,,,,,,
1,56,3136,3,1,,,,,,
1,56,3136,3,1,,,,,,
1,56,3136,2,1,,,,,,
1,56,3136,3,2,,,,,,
1,56,3136,3,1,,,,,,
1,56,3136,3,1,,,,,,
1,56,3136,3,2,,,,,,
1,56,3136,3,1,,,,,,
1,56,3136,3,2,,,,,,
1,56,3136,3,1,,,,,,
1,56,3136,3,1,,,,,,
1,56,3136,2,1,,,,,,
1,56,3136,2,2,,,,,,
1,56,3136,3,1,,,,,,
1,56,3136,2,1,,,,,,
1,56,3136,3,1,,,,,,
1,56,3136,7,1,,,,,,
1,56,3136,3,1,,,,,,
1,56,3136,2,4,,,,,,
1,56,3136,2,1,,,,,,
1,56,3136,2,1,,,,,,
1,56,3136,3,1,,,,,,
1,56,3136,7,1,,,,,,
1,56,3136,2,1,,,,,,
1,56,3136,4,1,,,,,,
1,56,3136,2,3,,,,,,
1,56,3136,3,1,,,,,,
1,56,3136,3,2,,,,,,
1,56,3136,3,1,,,,,,
1,56,3136,3,1,,,,,,
1,56,3136,5,1,,,,,,
1,56,3136,6,1,,,,,,
1,56,3136,2,1,,,,,,
1,56,3136,3,1,,,,,,
1,56,3136,3,1,,,,,,
1,56,3136,6,1,,,,,,
1,56,3136,3,1,,,,,,
1,56,3136,3,1,,,,,,
1,56,3136,3,1,,,,,,
1,56,3136,5,1,,,,,,
1,56,3136,3,1,,,,,,
1,56,3136,5,1,,,,,,
1,56,3136,2,1,,,,,,
1,56,3136,3,1,,,,,,
1,56,3136,3,1,,,,,,
1,56,3136,3,1,,,,,,
1,56,3136,3,1,,,,,,
1,56,3136,6,1,,,,,,
1,56,3136,3,1,,,,,,
1,56,3136,3,6,,,,,,
1,56,3136,3,3,,,,,,
1,56,3136,3,1,,,,,,
1,56,3136,3,1,,,,,,
1,56,3136,6,1,,,,,,
1,56,3136,4,1,,,,,,
1,56,3136,3,1,,,,,,
1,56,3136,3,1,,,,,,
1,56,3136,3,1,,,,,,
1,56,3136,5,1,,,,,,
1,56,3136,3,4,,,,,,
1,57,3249,2,3,,,,,,
1,57,3249,3,1,,,,,,
1,57,3249,3,1,,,,,,
1,57,3249,3,1,,,,,,
1,57,3249,3,1,,,,,,
1,57,3249,3,1,,,,,,
1,57,3249,3,1,,,,,,
1,57,3249,3,1,,,,,,
1,57,3249,4,1,,,,,,
1,57,3249,3,1,,,,,,
1,57,3249,3,1,,,,,,
1,57,3249,3,1,,,,,,
1,57,3249,5,1,,,,,,
1,57,3249,3,3,,,,,,
1,57,3249,4,1,,,,,,
1,57,3249,2,1,,,,,,
1,57,3249,3,1,,,,,,
1,57,3249,3,3,,,,,,
1,57,3249,3,1,,,,,,
1,57,3249,3,1,,,,,,
1,57,3249,3,1,,,,,,
1,57,3249,3,1,,,,,,
1,57,3249,3,1,,,,,,
1,57,3249,3,1,,,,,,
1,57,3249,3,1,,,,,,
1,57,3249,3,1,,,,,,
1,57,3249,3,1,,,,,,
1,57,3249,3,1,,,,,,
1,57,3249,3,1,,,,,,
1,57,3249,3,1,,,,,,
1,57,3249,3,1,,,,,,
1,57,3249,3,1,,,,,,
1,57,3249,2,1,,,,,,
1,57,3249,3,2,,,,,,
1,57,3249,2,1,,,,,,
1,57,3249,3,1,,,,,,
1,57,3249,3,1,,,,,,
1,57,3249,3,3,,,,,,
1,57,3249,4,1,,,,,,
1,57,3249,3,1,,,,,,
1,57,3249,5,1,,,,,,
1,57,3249,3,1,,,,,,
1,57,3249,3,1,,,,,,
1,57,3249,3,1,,,,,,
1,57,3249,2,4,,,,,,
1,57,3249,3,1,,,,,,
1,57,3249,6,1,,,,,,
1,57,3249,3,1,,,,,,
1,57,3249,2,1,,,,,,
1,57,3249,3,1,,,,,,
1,57,3249,4,3,,,,,,
1,57,3249,2,1,,,,,,
1,57,3249,2,1,,,,,,
1,57,3249,3,1,,,,,,
1,57,3249,2,1,,,,,,
1,57,3249,3,1,,,,,,
1,57,3249,3,1,,,,,,
1,57,3249,3,2,,,,,,
1,57,3249,6,1,,,,,,
1,57,3249,6,1,,,,,,
1,57,3249,3,1,,,,,,
1,57,3249,6,2,,,,,,
1,57,3249,3,1,,,,,,
1,57,3249,3,1,,,,,,
1,57,3249,3,3,,,,,,
1,57,3249,3,1,,,,,,
1,57,3249,3,1,,,,,,
1,57,3249,3,1,,,,,,
1,57,3249,3,1,,,,,,
1,57,3249,3,2,,,,,,
1,57,3249,2,3,,,,,,
1,57,3249,3,1,,,,,,
1,57,3249,3,2,,,,,,
1,57,3249,2,1,,,,,,
1,57,3249,3,1,,,,,,
1,57,3249,3,1,,,,,,
1,57,3249,3,1,,,,,,
1,57,3249,3,3,,,,,,
1,57,3249,3,1,,,,,,
1,57,3249,3,1,,,,,,
1,57,3249,3,1,,,,,,
1,57,3249,3,1,,,,,,
1,57,3249,6,1,,,,,,
1,57,3249,3,4,,,,,,
1,57,3249,4,3,,,,,,
1,57,3249,3,1,,,,,,
1,57,3249,3,1,,,,,,
1,57,3249,3,1,,,,,,
1,57,3249,3,1,,,,,,
1,57,3249,3,1,,,,,,
1,57,3249,3,1,,,,,,
1,57,3249,3,1,,,,,,
1,57,3249,1,4,,,,,,
1,57,3249,3,1,,,,,,
1,57,3249,2,1,,,,,,
1,58,3364,3,1,,,,,,
1,58,3364,3,3,,,,,,
1,58,3364,3,1,,,,,,
1,58,3364,2,3,,,,,,
1,58,3364,3,1,,,,,,
1,58,3364,3,1,,,,,,
1,58,3364,3,1,,,,,,
1,58,3364,3,3,,,,,,
1,58,3364,3,2,,,,,,
1,58,3364,3,1,,,,,,
1,58,3364,3,1,,,,,,
1,58,3364,3,1,,,,,,
1,58,3364,3,1,,,,,,
1,58,3364,3,1,,,,,,
1,58,3364,2,1,,,,,,
1,58,3364,3,3,,,,,,
1,58,3364,3,1,,,,,,
1,58,3364,2,3,,,,,,
1,58,3364,6,1,,,,,,
1,58,3364,7,2,,,,,,
1,58,3364,3,1,,,,,,
1,58,3364,1,4,,,,,,
1,58,3364,3,1,,,,,,
1,58,3364,6,1,,,,,,
1,58,3364,3,1,,,,,,
1,58,3364,4,1,,,,,,
1,58,3364,3,1,,,,,,
1,58,3364,3,1,,,,,,
1,58,3364,3,5,,,,,,
1,58,3364,3,1,,,,,,
1,58,3364,3,2,,,,,,
1,58,3364,3,3,,,,,,
1,58,3364,5,1,,,,,,
1,58,3364,2,4,,,,,,
1,58,3364,2,1,,,,,,
1,58,3364,3,1,,,,,,
1,58,3364,6,1,,,,,,
1,58,3364,2,1,,,,,,
1,58,3364,6,1,,,,,,
1,58,3364,3,3,,,,,,
1,58,3364,3,1,,,,,,
1,58,3364,3,2,,,,,,
1,58,3364,3,1,,,,,,
1,58,3364,2,1,,,,,,
1,58,3364,3,3,,,,,,
1,58,3364,4,3,,,,,,
1,58,3364,3,3,,,,,,
1,58,3364,5,1,,,,,,
1,58,3364,3,1,,,,,,
1,58,3364,3,1,,,,,,
1,58,3364,3,1,,,,,,
1,58,3364,2,1,,,,,,
1,58,3364,2,3,,,,,,
1,58,3364,3,3,,,,,,
1,58,3364,3,3,,,,,,
1,58,3364,4,2,,,,,,
1,58,3364,7,1,,,,,,
1,58,3364,3,3,,,,,,
1,58,3364,6,1,,,,,,
1,58,3364,3,1,,,,,,
1,58,3364,2,2,,,,,,
1,59,3481,4,1,,,,,,
1,59,3481,3,2,,,,,,
1,59,3481,3,1,,,,,,
1,59,3481,3,2,,,,,,
1,59,3481,3,3,,,,,,
1,59,3481,3,1,,,,,,
1,59,3481,6,2,,,,,,
1,59,3481,3,1,,,,,,
1,59,3481,3,1,,,,,,
1,59,3481,6,1,,,,,,
1,59,3481,3,2,,,,,,
1,59,3481,3,3,,,,,,
1,59,3481,3,3,,,,,,
1,59,3481,7,1,,,,,,
1,59,3481,3,3,,,,,,
1,59,3481,3,1,,,,,,
1,59,3481,2,4,,,,,,
1,59,3481,3,1,,,,,,
1,59,3481,3,1,,,,,,
1,59,3481,3,3,,,,,,
1,59,3481,2,1,,,,,,
1,59,3481,3,4,,,,,,
1,59,3481,7,1,,,,,,
1,59,3481,2,1,,,,,,
1,59,3481,6,1,,,,,,
1,59,3481,3,1,,,,,,
1,59,3481,3,1,,,,,,
1,59,3481,4,1,,,,,,
1,59,3481,3,1,,,,,,
1,59,3481,3,1,,,,,,
1,59,3481,3,1,,,,,,
1,59,3481,3,1,,,,,,
1,59,3481,2,3,,,,,,
1,59,3481,3,1,,,,,,
1,59,3481,3,1,,,,,,
1,59,3481,2,2,,,,,,
1,59,3481,3,1,,,,,,
1,59,3481,3,1,,,,,,
1,59,3481,3,1,,,,,,
1,59,3481,3,3,,,,,,
1,59,3481,3,1,,,,,,
1,59,3481,1,1,,,,,,
1,59,3481,3,1,,,,,,
1,59,3481,3,1,,,,,,
1,59,3481,3,1,,,,,,
1,59,3481,3,1,,,,,,
1,59,3481,3,1,,,,,,
1,59,3481,3,1,,,,,,
1,59,3481,3,1,,,,,,
1,59,3481,5,1,,,,,,
1,59,3481,6,1,,,,,,
1,59,3481,6,1,,,,,,
1,59,3481,2,1,,,,,,
1,59,3481,2,3,,,,,,
1,59,3481,4,1,,,,,,
1,59,3481,3,3,,,,,,
1,59,3481,3,1,,,,,,
1,59,3481,6,1,,,,,,
1,59,3481,3,1,,,,,,
1,59,3481,3,1,,,,,,
1,59,3481,3,1,,,,,,
1,59,3481,2,3,,,,,,
1,59,3481,6,1,,,,,,
1,59,3481,3,1,,,,,,
1,59,3481,3,3,,,,,,
1,59,3481,3,1,,,,,,
1,59,3481,7,1,,,,,,
1,59,3481,3,3,,,,,,
1,59,3481,3,1,,,,,,
1,59,3481,3,1,,,,,,
1,59,3481,2,2,,,,,,
1,59,3481,3,1,,,,,,
1,59,3481,3,2,,,,,,
1,59,3481,2,1,,,,,,
1,59,3481,4,3,,,,,,
1,59,3481,3,3,,,,,,
1,59,3481,3,1,,,,,,
1,60,3600,3,1,,,,,,
1,60,3600,3,1,,,,,,
1,60,3600,4,1,,,,,,
1,60,3600,3,3,,,,,,
1,60,3600,3,1,,,,,,
1,60,3600,3,1,,,,,,
1,60,3600,3,3,,,,,,
1,60,3600,3,3,,,,,,
1,60,3600,6,1,,,,,,
1,60,3600,3,3,,,,,,
1,60,3600,3,1,,,,,,
1,60,3600,4,2,,,,,,
1,60,3600,5,1,,,,,,
1,60,3600,3,1,,,,,,
1,60,3600,3,3,,,,,,
1,60,3600,3,2,,,,,,
1,60,3600,4,1,,,,,,
1,60,3600,3,1,,,,,,
1,60,3600,2,2,,,,,,
1,60,3600,3,1,,,,,,
1,60,3600,3,1,,,,,,
1,60,3600,3,3,,,,,,
1,60,3600,1,4,,,,,,
1,60,3600,2,3,,,,,,
1,60,3600,3,1,,,,,,
1,60,3600,2,3,,,,,,
1,60,3600,1,4,,,,,,
1,60,3600,3,1,,,,,,
1,60,3600,3,1,,,,,,
1,60,3600,7,1,,,,,,
1,60,3600,6,3,,,,,,
1,60,3600,3,2,,,,,,
1,60,3600,2,1,,,,,,
1,60,3600,2,1,,,,,,
1,60,3600,1,4,,,,,,
1,60,3600,1,4,,,,,,
1,60,3600,3,3,,,,,,
1,60,3600,3,2,,,,,,
1,60,3600,3,1,,,,,,
1,60,3600,3,1,,,,,,
1,60,3600,3,2,,,,,,
1,60,3600,2,3,,,,,,
1,60,3600,2,1,,,,,,
1,60,3600,3,1,,,,,,
1,60,3600,3,1,,,,,,
1,60,3600,3,1,,,,,,
1,60,3600,6,3,,,,,,
1,60,3600,2,1,,,,,,
1,60,3600,3,3,,,,,,
1,60,3600,3,1,,,,,,
1,60,3600,3,1,,,,,,
1,60,3600,3,1,,,,,,
1,60,3600,3,3,,,,,,
1,60,3600,3,3,,,,,,
1,60,3600,3,1,,,,,,
1,60,3600,3,1,,,,,,
1,60,3600,3,1,,,,,,
1,60,3600,4,3,,,,,,
1,60,3600,3,3,,,,,,
1,60,3600,3,2,,,,,,
1,60,3600,3,1,,,,,,
1,60,3600,3,3,,,,,,
1,60,3600,3,2,,,,,,
1,60,3600,3,1,,,,,,
1,60,3600,4,1,,,,,,
1,60,3600,2,1,,,,,,
1,60,3600,3,1,,,,,,
1,60,3600,2,1,,,,,,
1,60,3600,3,3,,,,,,
1,60,3600,3,1,,,,,,
1,60,3600,1,1,,,,,,
1,60,3600,5,2,,,,,,
1,60,3600,3,1,,,,,,
1,60,3600,3,1,,,,,,
1,60,3600,3,1,,,,,,
1,60,3600,3,1,,,,,,
1,60,3600,3,1,,,,,,
1,60,3600,2,1,,,,,,
1,60,3600,3,2,,,,,,
1,60,3600,4,1,,,,,,
1,60,3600,3,1,,,,,,
1,60,3600,3,1,,,,,,
1,60,3600,3,2,,,,,,
1,60,3600,3,1,,,,,,
1,60,3600,4,3,,,,,,
1,60,3600,3,3,,,,,,
1,60,3600,7,1,,,,,,
1,60,3600,3,1,,,,,,
1,60,3600,3,1,,,,,,
1,61,3721,4,3,,,,,,
1,61,3721,6,1,,,,,,
1,61,3721,6,1,,,,,,
1,61,3721,3,1,,,,,,
1,61,3721,3,1,,,,,,
1,61,3721,3,1,,,,,,
1,61,3721,3,3,,,,,,
1,61,3721,3,1,,,,,,
1,61,3721,3,1,,,,,,
1,61,3721,3,3,,,,,,
1,61,3721,3,1,,,,,,
1,61,3721,6,1,,,,,,
1,61,3721,3,1,,,,,,
1,61,3721,2,3,,,,,,
1,61,3721,3,3,,,,,,
1,61,3721,3,1,,,,,,
1,61,3721,3,2,,,,,,
1,61,3721,2,3,,,,,,
1,61,3721,2,3,,,,,,
1,61,3721,3,2,,,,,,
1,61,3721,3,3,,,,,,
1,61,3721,3,1,,,,,,
1,61,3721,6,3,,,,,,
1,61,3721,4,1,,,,,,
1,61,3721,6,1,,,,,,
1,61,3721,3,3,,,,,,
1,61,3721,3,3,,,,,,
1,61,3721,3,1,,,,,,
1,61,3721,3,1,,,,,,
1,61,3721,4,1,,,,,,
1,61,3721,3,3,,,,,,
1,61,3721,3,3,,,,,,
1,61,3721,3,3,,,,,,
1,61,3721,2,3,,,,,,
1,61,3721,3,1,,,,,,
1,61,3721,3,1,,,,,,
1,61,3721,3,3,,,,,,
1,61,3721,3,1,,,,,,
1,61,3721,5,1,,,,,,
1,61,3721,6,1,,,,,,
1,61,3721,3,1,,,,,,
1,61,3721,5,1,,,,,,
1,61,3721,3,1,,,,,,
1,61,3721,7,1,,,,,,
1,61,3721,6,3,,,,,,
1,61,3721,3,1,,,,,,
1,61,3721,4,3,,,,,,
1,61,3721,4,1,,,,,,
1,61,3721,2,3,,,,,,
1,61,3721,3,3,,,,,,
1,61,3721,5,1,,,,,,
1,61,3721,3,4,,,,,,
1,61,3721,3,2,,,,,,
1,61,3721,3,1,,,,,,
1,61,3721,3,1,,,,,,
1,61,3721,3,1,,,,,,
1,61,3721,3,3,,,,,,
1,61,3721,3,1,,,,,,
1,61,3721,3,2,,,,,,
1,61,3721,3,1,,,,,,
1,61,3721,3,3,,,,,,
1,62,3844,6,3,,,,,,
1,62,3844,3,1,,,,,,
1,62,3844,3,3,,,,,,
1,62,3844,3,3,,,,,,
1,62,3844,6,1,,,,,,
1,62,3844,2,2,,,,,,
1,62,3844,3,2,,,,,,
1,62,3844,4,1,,,,,,
1,62,3844,3,3,,,,,,
1,62,3844,6,1,,,,,,
1,62,3844,7,1,,,,,,
1,62,3844,3,3,,,,,,
1,62,3844,3,3,,,,,,
1,62,3844,3,3,,,,,,
1,62,3844,3,2,,,,,,
1,62,3844,3,3,,,,,,
1,62,3844,3,3,,,,,,
1,62,3844,3,4,,,,,,
1,62,3844,3,3,,,,,,
1,62,3844,3,3,,,,,,
1,62,3844,3,3,,,,,,
1,62,3844,4,1,,,,,,
1,62,3844,7,1,,,,,,
1,62,3844,3,3,,,,,,
1,62,3844,3,4,,,,,,
1,62,3844,3,1,,,,,,
1,62,3844,3,3,,,,,,
1,62,3844,3,3,,,,,,
1,62,3844,3,1,,,,,,
1,62,3844,4,1,,,,,,
1,62,3844,3,1,,,,,,
1,62,3844,6,3,,,,,,
1,62,3844,3,3,,,,,,
1,62,3844,3,1,,,,,,
1,62,3844,3,3,,,,,,
1,62,3844,6,1,,,,,,
1,62,3844,3,1,,,,,,
1,62,3844,3,1,,,,,,
1,62,3844,2,1,,,,,,
1,62,3844,3,3,,,,,,
1,62,3844,2,2,,,,,,
1,62,3844,2,6,,,,,,
1,62,3844,3,3,,,,,,
1,62,3844,5,2,,,,,,
1,62,3844,3,3,,,,,,
1,62,3844,3,3,,,,,,
1,62,3844,3,1,,,,,,
1,62,3844,2,2,,,,,,
1,62,3844,3,3,,,,,,
1,62,3844,3,4,,,,,,
1,62,3844,3,3,,,,,,
1,62,3844,3,1,,,,,,
1,62,3844,3,1,,,,,,
1,62,3844,3,1,,,,,,
1,62,3844,3,1,,,,,,
1,62,3844,5,1,,,,,,
1,62,3844,4,3,,,,,,
1,62,3844,7,1,,,,,,
1,62,3844,3,3,,,,,,
1,62,3844,6,1,,,,,,
1,62,3844,3,3,,,,,,
1,62,3844,3,3,,,,,,
1,62,3844,6,1,,,,,,
1,62,3844,3,1,,,,,,
1,62,3844,3,1,,,,,,
1,62,3844,2,3,,,,,,
1,63,3969,3,3,,,,,,
1,63,3969,3,1,,,,,,
1,63,3969,2,3,,,,,,
1,63,3969,3,3,,,,,,
1,63,3969,3,1,,,,,,
1,63,3969,3,3,,,,,,
1,63,3969,2,3,,,,,,
1,63,3969,3,1,,,,,,
1,63,3969,2,3,,,,,,
1,63,3969,3,3,,,,,,
1,63,3969,2,3,,,,,,
1,63,3969,3,3,,,,,,
1,63,3969,3,3,,,,,,
1,63,3969,3,3,,,,,,
1,63,3969,6,1,,,,,,
1,63,3969,3,1,,,,,,
1,63,3969,3,3,,,,,,
1,63,3969,3,3,,,,,,
1,63,3969,7,1,,,,,,
1,63,3969,3,1,,,,,,
1,63,3969,1,3,,,,,,
1,63,3969,2,3,,,,,,
1,63,3969,7,4,,,,,,
1,63,3969,6,1,,,,,,
1,63,3969,3,2,,,,,,
1,63,3969,3,3,,,,,,
1,63,3969,5,3,,,,,,
1,63,3969,3,3,,,,,,
1,63,3969,3,3,,,,,,
1,63,3969,3,3,,,,,,
1,63,3969,3,3,,,,,,
1,63,3969,3,3,,,,,,
1,63,3969,3,3,,,,,,
1,63,3969,5,2,,,,,,
1,63,3969,3,1,,,,,,
1,63,3969,6,3,,,,,,
1,63,3969,3,3,,,,,,
1,63,3969,3,3,,,,,,
1,63,3969,4,1,,,,,,
1,63,3969,1,4,,,,,,
1,63,3969,3,3,,,,,,
1,63,3969,3,1,,,,,,
1,63,3969,3,3,,,,,,
1,63,3969,6,2,,,,,,
1,63,3969,3,3,,,,,,
1,63,3969,3,3,,,,,,
1,63,3969,2,3,,,,,,
1,63,3969,1,4,,,,,,
1,63,3969,3,3,,,,,,
1,63,3969,3,1,,,,,,
1,64,4096,3,3,,,,,,
1,64,4096,3,3,,,,,,
1,64,4096,3,3,,,,,,
1,64,4096,3,3,,,,,,
1,64,4096,5,3,,,,,,
1,64,4096,3,3,,,,,,
1,64,4096,3,1,,,,,,
1,64,4096,3,3,,,,,,
1,64,4096,2,3,,,,,,
1,64,4096,3,3,,,,,,
1,64,4096,1,3,,,,,,
1,64,4096,2,3,,,,,,
1,64,4096,7,1,,,,,,
1,64,4096,3,3,,,,,,
1,64,4096,2,3,,,,,,
1,64,4096,6,1,,,,,,
1,64,4096,3,3,,,,,,
1,64,4096,6,3,,,,,,
1,64,4096,3,3,,,,,,
1,64,4096,2,4,,,,,,
1,64,4096,7,3,,,,,,
1,64,4096,3,3,,,,,,
1,64,4096,3,6,,,,,,
1,64,4096,2,3,,,,,,
1,64,4096,6,1,,,,,,
1,64,4096,3,3,,,,,,
1,64,4096,3,3,,,,,,
1,64,4096,3,3,,,,,,
1,64,4096,3,1,,,,,,
1,64,4096,3,3,,,,,,
1,64,4096,3,3,,,,,,
1,64,4096,2,3,,,,,,
1,64,4096,7,2,,,,,,
1,64,4096,2,3,,,,,,
1,64,4096,3,3,,,,,,
1,64,4096,2,1,,,,,,
1,64,4096,2,2,,,,,,
1,64,4096,2,2,,,,,,
1,64,4096,3,3,,,,,,
1,64,4096,3,3,,,,,,
1,64,4096,3,3,,,,,,
1,64,4096,3,3,,,,,,
1,64,4096,3,3,,,,,,
1,64,4096,2,3,,,,,,
1,64,4096,3,3,,,,,,
1,64,4096,3,3,,,,,,
1,64,4096,6,1,,,,,,
1,64,4096,3,3,,,,,,
1,64,4096,3,3,,,,,,
1,64,4096,3,1,,,,,,
1,64,4096,3,3,,,,,,
1,64,4096,3,3,,,,,,
1,64,4096,3,3,,,,,,
1,64,4096,3,3,,,,,,
1,64,4096,5,3,,,,,,
1,64,4096,3,3,,,,,,
1,64,4096,3,3,,,,,,
1,64,4096,3,4,,,,,,
1,64,4096,3,3,,,,,,
1,64,4096,3,3,,,,,,
1,64,4096,3,3,,,,,,
1,64,4096,3,3,,,,,,
1,64,4096,3,1,,,,,,
1,64,4096,2,3,,,,,,
1,64,4096,3,3,,,,,,
1,65,4225,2,3,,,,,,
1,65,4225,3,3,,,,,,
1,65,4225,3,3,,,,,,
1,65,4225,3,3,,,,,,
1,65,4225,3,3,,,,,,
1,65,4225,2,1,,,,,,
1,65,4225,3,3,,,,,,
1,65,4225,3,3,,,,,,
1,65,4225,4,3,,,,,,
1,65,4225,6,3,,,,,,
1,65,4225,3,3,,,,,,
1,65,4225,3,3,,,,,,
1,65,4225,2,3,,,,,,
1,65,4225,3,1,,,,,,
1,65,4225,3,3,,,,,,
1,65,4225,3,3,,,,,,
1,65,4225,2,3,,,,,,
1,65,4225,6,1,,,,,,
1,65,4225,3,3,,,,,,
1,65,4225,3,3,,,,,,
1,65,4225,3,3,,,,,,
1,65,4225,4,3,,,,,,
1,65,4225,3,3,,,,,,
1,65,4225,4,1,,,,,,
1,65,4225,3,3,,,,,,
1,65,4225,3,3,,,,,,
1,65,4225,3,3,,,,,,
1,65,4225,3,3,,,,,,
1,65,4225,3,3,,,,,,
1,65,4225,3,3,,,,,,
1,65,4225,3,1,,,,,,
1,65,4225,6,3,,,,,,
1,65,4225,3,3,,,,,,
1,65,4225,3,3,,,,,,
1,65,4225,3,3,,,,,,
1,65,4225,3,3,,,,,,
1,65,4225,2,3,,,,,,
1,65,4225,1,2,,,,,,
1,65,4225,4,1,,,,,,
1,65,4225,6,3,,,,,,
1,65,4225,3,3,,,,,,
1,65,4225,3,3,,,,,,
1,65,4225,3,3,,,,,,
1,65,4225,3,1,,,,,,
1,65,4225,4,3,,,,,,
1,65,4225,3,3,,,,,,
1,65,4225,2,3,,,,,,
1,65,4225,3,3,,,,,,
1,65,4225,2,3,,,,,,
1,65,4225,3,3,,,,,,
1,65,4225,3,3,,,,,,
1,65,4225,3,3,,,,,,
1,65,4225,6,1,,,,,,
1,65,4225,3,1,,,,,,
1,65,4225,3,3,,,,,,
1,65,4225,3,3,,,,,,
1,65,4225,3,3,,,,,,
1,65,4225,2,3,,,,,,
1,65,4225,6,3,,,,,,
1,65,4225,3,3,,,,,,
1,65,4225,3,3,,,,,,
1,65,4225,2,3,,,,,,
1,65,4225,4,3,,,,,,
1,65,4225,3,3,,,,,,
1,65,4225,3,3,,,,,,
1,65,4225,3,3,,,,,,
1,65,4225,3,3,,,,,,
1,65,4225,3,3,,,,,,
1,65,4225,3,3,,,,,,
1,66,4356,3,3,,,,,,
1,66,4356,3,3,,,,,,
1,66,4356,3,3,,,,,,
1,66,4356,3,3,,,,,,
1,66,4356,3,3,,,,,,
1,66,4356,3,3,,,,,,
1,66,4356,3,3,,,,,,
1,66,4356,2,3,,,,,,
1,66,4356,3,3,,,,,,
1,66,4356,3,3,,,,,,
1,66,4356,3,3,,,,,,
1,66,4356,3,3,,,,,,
1,66,4356,6,1,,,,,,
1,66,4356,3,3,,,,,,
1,66,4356,2,3,,,,,,
1,66,4356,1,2,,,,,,
1,66,4356,3,3,,,,,,
1,66,4356,2,3,,,,,,
1,66,4356,2,3,,,,,,
1,66,4356,4,3,,,,,,
1,66,4356,3,3,,,,,,
1,66,4356,3,3,,,,,,
1,66,4356,6,1,,,,,,
1,66,4356,6,1,,,,,,
1,66,4356,5,1,,,,,,
1,66,4356,6,3,,,,,,
1,66,4356,7,1,,,,,,
1,66,4356,1,3,,,,,,
1,66,4356,3,3,,,,,,
1,66,4356,3,3,,,,,,
1,66,4356,3,3,,,,,,
1,66,4356,3,3,,,,,,
1,66,4356,3,3,,,,,,
1,66,4356,3,3,,,,,,
1,66,4356,3,3,,,,,,
1,66,4356,3,3,,,,,,
1,66,4356,3,3,,,,,,
1,66,4356,2,3,,,,,,
1,66,4356,7,3,,,,,,
1,66,4356,3,3,,,,,,
1,66,4356,2,3,,,,,,
1,66,4356,4,1,,,,,,
1,66,4356,2,3,,,,,,
1,66,4356,2,3,,,,,,
1,66,4356,5,3,,,,,,
1,66,4356,2,3,,,,,,
1,66,4356,1,3,,,,,,
1,66,4356,3,3,,,,,,
1,66,4356,3,3,,,,,,
1,66,4356,3,1,,,,,,
1,66,4356,3,3,,,,,,
1,66,4356,3,3,,,,,,
1,66,4356,3,1,,,,,,
1,66,4356,3,3,,,,,,
1,66,4356,3,1,,,,,,
1,66,4356,3,3,,,,,,
1,66,4356,3,3,,,,,,
1,66,4356,5,3,,,,,,
1,66,4356,3,3,,,,,,
1,66,4356,6,3,,,,,,
1,66,4356,7,3,,,,,,
1,66,4356,4,3,,,,,,
1,66,4356,3,3,,,,,,
1,66,4356,2,3,,,,,,
1,66,4356,4,3,,,,,,
1,66,4356,3,3,,,,,,
1,66,4356,3,3,,,,,,
1,66,4356,3,3,,,,,,
1,66,4356,3,3,,,,,,
1,66,4356,4,3,,,,,,
1,66,4356,3,3,,,,,,
1,67,4489,3,3,,,,,,
1,67,4489,3,3,,,,,,
1,67,4489,2,3,,,,,,
1,67,4489,3,1,,,,,,
1,67,4489,3,3,,,,,,
1,67,4489,3,3,,,,,,
1,67,4489,3,3,,,,,,
1,67,4489,3,3,,,,,,
1,67,4489,3,1,,,,,,
1,67,4489,3,3,,,,,,
1,67,4489,3,1,,,,,,
1,67,4489,6,3,,,,,,
1,67,4489,6,1,,,,,,
1,67,4489,2,3,,,,,,
1,67,4489,6,3,,,,,,
1,67,4489,2,3,,,,,,
1,67,4489,3,3,,,,,,
1,67,4489,1,3,,,,,,
1,67,4489,1,3,,,,,,
1,67,4489,3,3,,,,,,
1,67,4489,2,3,,,,,,
1,67,4489,3,3,,,,,,
1,67,4489,3,3,,,,,,
1,67,4489,1,3,,,,,,
1,67,4489,3,3,,,,,,
1,67,4489,3,3,,,,,,
1,67,4489,3,3,,,,,,
1,67,4489,2,3,,,,,,
1,67,4489,6,3,,,,,,
1,67,4489,3,3,,,,,,
1,67,4489,3,3,,,,,,
1,67,4489,3,3,,,,,,
1,67,4489,3,3,,,,,,
1,67,4489,2,3,,,,,,
1,67,4489,1,4,,,,,,
1,67,4489,3,3,,,,,,
1,67,4489,6,3,,,,,,
1,67,4489,2,3,,,,,,
1,67,4489,4,1,,,,,,
1,67,4489,3,3,,,,,,
1,67,4489,1,4,,,,,,
1,67,4489,3,3,,,,,,
1,67,4489,3,3,,,,,,
1,67,4489,3,3,,,,,,
1,67,4489,3,3,,,,,,
1,67,4489,1,3,,,,,,
1,67,4489,3,3,,,,,,
1,67,4489,3,3,,,,,,
1,67,4489,3,3,,,,,,
1,67,4489,6,1,,,,,,
1,67,4489,3,3,,,,,,
1,67,4489,3,1,,,,,,
1,67,4489,2,3,,,,,,
1,68,4624,3,3,,,,,,
1,68,4624,3,3,,,,,,
1,68,4624,2,3,,,,,,
1,68,4624,5,3,,,,,,
1,68,4624,3,3,,,,,,
1,68,4624,3,3,,,,,,
1,68,4624,2,3,,,,,,
1,68,4624,2,3,,,,,,
1,68,4624,2,3,,,,,,
1,68,4624,3,3,,,,,,
1,68,4624,3,3,,,,,,
1,68,4624,5,3,,,,,,
1,68,4624,3,3,,,,,,
1,68,4624,3,3,,,,,,
1,68,4624,6,1,,,,,,
1,68,4624,6,3,,,,,,
1,68,4624,3,3,,,,,,
1,68,4624,3,3,,,,,,
1,68,4624,3,3,,,,,,
1,68,4624,3,3,,,,,,
1,68,4624,3,3,,,,,,
1,68,4624,1,3,,,,,,
1,68,4624,2,3,,,,,,
1,68,4624,6,3,,,,,,
1,68,4624,3,3,,,,,,
1,68,4624,1,3,,,,,,
1,68,4624,3,3,,,,,,
1,68,4624,3,3,,,,,,
1,68,4624,4,3,,,,,,
1,68,4624,6,1,,,,,,
1,68,4624,2,3,,,,,,
1,68,4624,4,3,,,,,,
1,68,4624,3,1,,,,,,
1,68,4624,2,3,,,,,,
1,68,4624,3,2,,,,,,
1,68,4624,1,3,,,,,,
1,68,4624,3,3,,,,,,
1,68,4624,2,3,,,,,,
1,68,4624,3,3,,,,,,
1,68,4624,3,3,,,,,,
1,68,4624,2,3,,,,,,
1,68,4624,4,3,,,,,,
1,68,4624,2,3,,,,,,
1,68,4624,4,3,,,,,,
1,68,4624,2,3,,,,,,
1,68,4624,3,3,,,,,,
1,68,4624,3,3,,,,,,
1,68,4624,3,3,,,,,,
1,68,4624,3,3,,,,,,
1,68,4624,3,3,,,,,,
1,68,4624,6,3,,,,,,
1,68,4624,3,3,,,,,,
1,68,4624,1,3,,,,,,
1,68,4624,3,3,,,,,,
1,69,4761,3,3,,,,,,
1,69,4761,3,3,,,,,,
1,69,4761,3,3,,,,,,
1,69,4761,4,3,,,,,,
1,69,4761,5,3,,,,,,
1,69,4761,3,3,,,,,,
1,69,4761,3,3,,,,,,
1,69,4761,3,3,,,,,,
1,69,4761,6,1,,,,,,
1,69,4761,2,3,,,,,,
1,69,4761,3,3,,,,,,
1,69,4761,3,3,,,,,,
1,69,4761,3,3,,,,,,
1,69,4761,3,3,,,,,,
1,69,4761,6,3,,,,,,
1,69,4761,4,3,,,,,,
1,69,4761,6,3,,,,,,
1,69,4761,3,3,,,,,,
1,69,4761,7,3,,,,,,
1,69,4761,3,3,,,,,,
1,69,4761,3,3,,,,,,
1,69,4761,3,3,,,,,,
1,69,4761,3,3,,,,,,
1,69,4761,3,3,,,,,,
1,69,4761,3,3,,,,,,
1,69,4761,6,3,,,,,,
1,69,4761,3,3,,,,,,
1,69,4761,2,3,,,,,,
1,69,4761,6,3,,,,,,
1,69,4761,2,3,,,,,,
1,69,4761,4,3,,,,,,
1,69,4761,3,3,,,,,,
1,69,4761,3,3,,,,,,
1,69,4761,3,3,,,,,,
1,69,4761,5,3,,,,,,
1,69,4761,3,3,,,,,,
1,69,4761,6,3,,,,,,
1,69,4761,1,3,,,,,,
1,69,4761,3,3,,,,,,
1,69,4761,3,3,,,,,,
1,69,4761,3,3,,,,,,
1,69,4761,3,3,,,,,,
1,69,4761,4,3,,,,,,
1,69,4761,3,3,,,,,,
1,69,4761,3,3,,,,,,
1,69,4761,3,3,,,,,,
1,69,4761,2,2,,,,,,
1,69,4761,3,3,,,,,,
1,69,4761,6,3,,,,,,
1,69,4761,3,3,,,,,,
1,69,4761,7,3,,,,,,
1,69,4761,3,3,,,,,,
1,69,4761,3,3,,,,,,
1,69,4761,3,1,,,,,,
1,69,4761,3,3,,,,,,
1,69,4761,3,3,,,,,,
1,69,4761,5,3,,,,,,
1,69,4761,1,3,,,,,,
1,69,4761,3,3,,,,,,
1,69,4761,2,3,,,,,,
1,69,4761,6,1,,,,,,
1,69,4761,3,3,,,,,,
1,70,4900,5,3,,,,,,
1,70,4900,6,3,,,,,,
1,70,4900,7,3,,,,,,
1,70,4900,3,3,,,,,,
1,70,4900,1,3,,,,,,
1,70,4900,3,3,,,,,,
1,70,4900,3,3,,,,,,
1,70,4900,3,3,,,,,,
1,70,4900,3,3,,,,,,
1,70,4900,3,3,,,,,,
1,70,4900,3,3,,,,,,
1,70,4900,3,3,,,,,,
1,70,4900,3,3,,,,,,
1,70,4900,3,3,,,,,,
1,70,4900,3,3,,,,,,
1,70,4900,2,3,,,,,,
1,70,4900,3,3,,,,,,
1,70,4900,6,3,,,,,,
1,70,4900,3,3,,,,,,
1,70,4900,1,4,,,,,,
1,70,4900,3,3,,,,,,
1,70,4900,3,3,,,,,,
1,70,4900,2,3,,,,,,
1,70,4900,3,1,,,,,,
1,70,4900,1,3,,,,,,
1,70,4900,3,3,,,,,,
1,70,4900,2,3,,,,,,
1,70,4900,3,3,,,,,,
1,70,4900,3,3,,,,,,
1,70,4900,3,3,,,,,,
1,70,4900,3,3,,,,,,
1,70,4900,6,3,,,,,,
1,70,4900,2,3,,,,,,
1,70,4900,3,3,,,,,,
1,70,4900,2,3,,,,,,
1,70,4900,7,1,,,,,,
1,70,4900,3,3,,,,,,
1,70,4900,3,3,,,,,,
1,70,4900,2,3,,,,,,
1,70,4900,2,3,,,,,,
1,70,4900,3,3,,,,,,
1,70,4900,1,3,,,,,,
1,70,4900,3,3,,,,,,
1,70,4900,3,3,,,,,,
1,70,4900,3,3,,,,,,
1,70,4900,6,3,,,,,,
1,70,4900,3,3,,,,,,
1,70,4900,3,3,,,,,,
1,70,4900,3,3,,,,,,
1,70,4900,3,3,,,,,,
1,70,4900,1,3,,,,,,
1,70,4900,6,3,,,,,,
1,70,4900,3,3,,,,,,
1,70,4900,3,3,,,,,,
1,70,4900,4,3,,,,,,
1,70,4900,2,3,,,,,,
1,70,4900,3,3,,,,,,
1,70,4900,3,3,,,,,,
1,70,4900,2,3,,,,,,
1,70,4900,3,3,,,,,,
1,70,4900,3,3,,,,,,
1,70,4900,2,2,,,,,,
1,70,4900,3,3,,,,,,
1,70,4900,3,3,,,,,,
1,70,4900,3,3,,,,,,
1,70,4900,3,3,,,,,,
1,70,4900,3,3,,,,,,
1,70,4900,3,3,,,,,,
1,71,5041,1,3,,,,,,
1,71,5041,3,3,,,,,,
1,71,5041,3,3,,,,,,
1,71,5041,6,3,,,,,,
1,71,5041,3,3,,,,,,
1,71,5041,3,3,,,,,,
1,71,5041,2,3,,,,,,
1,71,5041,3,3,,,,,,
1,71,5041,3,3,,,,,,
1,71,5041,3,3,,,,,,
1,71,5041,2,3,,,,,,
1,71,5041,1,4,,,,,,
1,71,5041,3,3,,,,,,
1,71,5041,2,3,,,,,,
1,71,5041,2,1,,,,,,
1,71,5041,3,3,,,,,,
1,71,5041,3,3,,,,,,
1,71,5041,3,3,,,,,,
1,71,5041,3,3,,,,,,
1,71,5041,3,3,,,,,,
1,71,5041,3,3,,,,,,
1,71,5041,6,3,,,,,,
1,71,5041,3,3,,,,,,
1,71,5041,2,3,,,,,,
1,71,5041,2,3,,,,,,
1,71,5041,3,3,,,,,,
1,71,5041,2,3,,,,,,
1,71,5041,3,3,,,,,,
1,71,5041,2,3,,,,,,
1,71,5041,3,3,,,,,,
1,71,5041,3,3,,,,,,
1,71,5041,3,3,,,,,,
1,71,5041,2,3,,,,,,
1,71,5041,3,3,,,,,,
1,71,5041,3,3,,,,,,
1,71,5041,3,3,,,,,,
1,71,5041,3,3,,,,,,
1,71,5041,3,3,,,,,,
1,71,5041,3,3,,,,,,
1,71,5041,7,3,,,,,,
1,71,5041,3,3,,,,,,
1,71,5041,3,3,,,,,,
1,71,5041,3,3,,,,,,
1,71,5041,3,3,,,,,,
1,71,5041,3,3,,,,,,
1,71,5041,3,3,,,,,,
1,71,5041,3,3,,,,,,
1,71,5041,3,3,,,,,,
1,71,5041,3,3,,,,,,
1,71,5041,2,3,,,,,,
1,71,5041,4,3,,,,,,
1,71,5041,3,3,,,,,,
1,71,5041,4,3,,,,,,
1,71,5041,2,3,,,,,,
1,71,5041,4,3,,,,,,
1,71,5041,2,3,,,,,,
1,71,5041,3,3,,,,,,
1,71,5041,1,3,,,,,,
1,71,5041,3,3,,,,,,
1,71,5041,3,3,,,,,,
1,71,5041,3,3,,,,,,
1,71,5041,3,3,,,,,,
1,72,5184,3,3,,,,,,
1,72,5184,3,3,,,,,,
1,72,5184,3,3,,,,,,
1,72,5184,4,3,,,,,,
1,72,5184,3,3,,,,,,
1,72,5184,3,3,,,,,,
1,72,5184,3,3,,,,,,
1,72,5184,4,3,,,,,,
1,72,5184,3,3,,,,,,
1,72,5184,3,3,,,,,,
1,72,5184,2,3,,,,,,
1,72,5184,7,3,,,,,,
1,72,5184,2,3,,,,,,
1,72,5184,3,3,,,,,,
1,72,5184,6,1,,,,,,
1,72,5184,6,3,,,,,,
1,72,5184,1,3,,,,,,
1,72,5184,2,3,,,,,,
1,72,5184,3,3,,,,,,
1,72,5184,3,3,,,,,,
1,72,5184,3,3,,,,,,
1,72,5184,2,3,,,,,,
1,72,5184,3,3,,,,,,
1,72,5184,2,3,,,,,,
1,72,5184,2,3,,,,,,
1,72,5184,3,3,,,,,,
1,72,5184,3,3,,,,,,
1,72,5184,3,3,,,,,,
1,72,5184,2,3,,,,,,
1,72,5184,6,3,,,,,,
1,72,5184,3,3,,,,,,
1,72,5184,2,3,,,,,,
1,72,5184,3,3,,,,,,
1,72,5184,2,3,,,,,,
1,72,5184,2,3,,,,,,
1,72,5184,3,3,,,,,,
1,72,5184,2,3,,,,,,
1,72,5184,6,3,,,,,,
1,72,5184,3,1,,,,,,
1,72,5184,4,3,,,,,,
1,72,5184,3,1,,,,,,
1,72,5184,3,1,,,,,,
1,72,5184,3,3,,,,,,
1,72,5184,3,3,,,,,,
1,72,5184,6,3,,,,,,
1,72,5184,6,3,,,,,,
1,72,5184,3,3,,,,,,
1,72,5184,3,3,,,,,,
1,72,5184,7,3,,,,,,
1,72,5184,3,3,,,,,,
1,72,5184,2,3,,,,,,
1,73,5329,6,1,,,,,,
1,73,5329,3,3,,,,,,
1,73,5329,3,3,,,,,,
1,73,5329,7,3,,,,,,
1,73,5329,1,3,,,,,,
1,73,5329,3,3,,,,,,
1,73,5329,3,3,,,,,,
1,73,5329,3,3,,,,,,
1,73,5329,3,3,,,,,,
1,73,5329,3,3,,,,,,
1,73,5329,6,3,,,,,,
1,73,5329,2,3,,,,,,
1,73,5329,6,3,,,,,,
1,73,5329,3,3,,,,,,
1,73,5329,7,3,,,,,,
1,73,5329,2,3,,,,,,
1,73,5329,3,3,,,,,,
1,73,5329,4,3,,,,,,
1,73,5329,2,3,,,,,,
1,73,5329,3,3,,,,,,
1,73,5329,2,3,,,,,,
1,73,5329,2,3,,,,,,
1,73,5329,3,1,,,,,,
1,73,5329,1,3,,,,,,
1,73,5329,3,3,,,,,,
1,73,5329,3,3,,,,,,
1,73,5329,3,3,,,,,,
1,73,5329,3,3,,,,,,
1,73,5329,6,3,,,,,,
1,73,5329,2,3,,,,,,
1,73,5329,3,3,,,,,,
1,73,5329,2,3,,,,,,
1,73,5329,3,3,,,,,,
1,74,5476,3,3,,,,,,
1,74,5476,3,3,,,,,,
1,74,5476,7,3,,,,,,
1,74,5476,2,3,,,,,,
1,74,5476,3,3,,,,,,
1,74,5476,3,3,,,,,,
1,74,5476,1,3,,,,,,
1,74,5476,5,3,,,,,,
1,74,5476,3,3,,,,,,
1,74,5476,3,3,,,,,,
1,74,5476,6,3,,,,,,
1,74,5476,3,3,,,,,,
1,74,5476,3,3,,,,,,
1,74,5476,2,3,,,,,,
1,74,5476,3,3,,,,,,
1,74,5476,6,3,,,,,,
1,74,5476,6,3,,,,,,
1,74,5476,2,3,,,,,,
1,74,5476,2,3,,,,,,
1,74,5476,3,3,,,,,,
1,74,5476,3,3,,,,,,
1,74,5476,2,3,,,,,,
1,74,5476,3,3,,,,,,
1,74,5476,3,3,,,,,,
1,74,5476,2,3,,,,,,
1,74,5476,3,3,,,,,,
1,74,5476,4,3,,,,,,
1,74,5476,4,3,,,,,,
1,74,5476,2,3,,,,,,
1,74,5476,4,3,,,,,,
1,74,5476,3,3,,,,,,
1,74,5476,4,3,,,,,,
1,74,5476,3,3,,,,,,
1,74,5476,3,3,,,,,,
1,74,5476,3,3,,,,,,
1,74,5476,4,3,,,,,,
1,74,5476,3,3,,,,,,
1,74,5476,2,3,,,,,,
1,74,5476,3,3,,,,,,
1,74,5476,6,3,,,,,,
1,74,5476,3,3,,,,,,
1,74,5476,6,3,,,,,,
1,74,5476,3,3,,,,,,
1,74,5476,3,3,,,,,,
1,74,5476,3,3,,,,,,
1,74,5476,6,3,,,,,,
1,74,5476,3,3,,,,,,
1,74,5476,3,3,,,,,,
1,74,5476,3,3,,,,,,
1,74,5476,3,3,,,,,,
1,75,5625,3,3,,,,,,
1,75,5625,3,3,,,,,,
1,75,5625,2,3,,,,,,
1,75,5625,3,3,,,,,,
1,75,5625,3,3,,,,,,
1,75,5625,3,3,,,,,,
1,75,5625,3,3,,,,,,
1,75,5625,2,3,,,,,,
1,75,5625,3,3,,,,,,
1,75,5625,3,3,,,,,,
1,75,5625,3,3,,,,,,
1,75,5625,4,3,,,,,,
1,75,5625,3,3,,,,,,
1,75,5625,2,3,,,,,,
1,75,5625,3,3,,,,,,
1,75,5625,3,3,,,,,,
1,75,5625,3,3,,,,,,
1,75,5625,2,3,,,,,,
1,75,5625,3,3,,,,,,
1,75,5625,3,3,,,,,,
1,75,5625,2,3,,,,,,
1,75,5625,3,3,,,,,,
1,75,5625,3,3,,,,,,
1,75,5625,3,3,,,,,,
1,75,5625,2,3,,,,,,
1,75,5625,4,3,,,,,,
1,75,5625,3,3,,,,,,
1,75,5625,3,3,,,,,,
1,75,5625,2,3,,,,,,
1,75,5625,2,3,,,,,,
1,75,5625,3,3,,,,,,
1,75,5625,3,3,,,,,,
1,75,5625,3,3,,,,,,
1,75,5625,3,3,,,,,,
1,75,5625,6,3,,,,,,
1,75,5625,4,3,,,,,,
1,75,5625,4,3,,,,,,
1,75,5625,2,3,,,,,,
1,75,5625,3,3,,,,,,
1,75,5625,5,3,,,,,,
1,75,5625,3,3,,,,,,
1,75,5625,3,3,,,,,,
1,75,5625,3,3,,,,,,
1,75,5625,3,3,,,,,,
1,75,5625,6,3,,,,,,
1,75,5625,3,3,,,,,,
1,75,5625,3,3,,,,,,
1,75,5625,3,3,,,,,,
1,75,5625,2,3,,,,,,
1,76,5776,3,3,,,,,,
1,76,5776,2,3,,,,,,
1,76,5776,4,3,,,,,,
1,76,5776,2,3,,,,,,
1,76,5776,3,3,,,,,,
1,76,5776,7,3,,,,,,
1,76,5776,2,3,,,,,,
1,76,5776,3,3,,,,,,
1,76,5776,1,3,,,,,,
1,76,5776,4,3,,,,,,
1,76,5776,4,3,,,,,,
1,76,5776,1,3,,,,,,
1,76,5776,2,3,,,,,,
1,76,5776,2,3,,,,,,
1,76,5776,3,3,,,,,,
1,76,5776,3,3,,,,,,
1,76,5776,2,3,,,,,,
1,76,5776,3,3,,,,,,
1,76,5776,3,3,,,,,,
1,76,5776,6,3,,,,,,
1,76,5776,3,3,,,,,,
1,76,5776,2,3,,,,,,
1,76,5776,3,3,,,,,,
1,76,5776,3,3,,,,,,
1,76,5776,3,3,,,,,,
1,76,5776,6,3,,,,,,
1,76,5776,3,3,,,,,,
1,76,5776,5,3,,,,,,
1,76,5776,3,3,,,,,,
1,76,5776,3,3,,,,,,
1,76,5776,2,3,,,,,,
1,76,5776,3,3,,,,,,
1,76,5776,3,3,,,,,,
1,76,5776,3,3,,,,,,
1,76,5776,2,3,,,,,,
1,76,5776,3,3,,,,,,
1,76,5776,3,3,,,,,,
1,76,5776,3,3,,,,,,
1,76,5776,3,3,,,,,,
1,76,5776,2,3,,,,,,
1,76,5776,2,3,,,,,,
1,76,5776,4,3,,,,,,
1,76,5776,2,3,,,,,,
1,77,5929,3,3,,,,,,
1,77,5929,3,3,,,,,,
1,77,5929,2,3,,,,,,
1,77,5929,3,3,,,,,,
1,77,5929,3,3,,,,,,
1,77,5929,2,3,,,,,,
1,77,5929,3,3,,,,,,
1,77,5929,3,3,,,,,,
1,77,5929,6,3,,,,,,
1,77,5929,6,3,,,,,,
1,77,5929,3,3,,,,,,
1,77,5929,2,3,,,,,,
1,77,5929,3,3,,,,,,
1,77,5929,3,3,,,,,,
1,77,5929,2,3,,,,,,
1,77,5929,6,3,,,,,,
1,77,5929,3,3,,,,,,
1,77,5929,3,3,,,,,,
1,77,5929,3,3,,,,,,
1,77,5929,5,3,,,,,,
1,77,5929,4,3,,,,,,
1,77,5929,3,3,,,,,,
1,77,5929,2,3,,,,,,
1,77,5929,2,3,,,,,,
1,77,5929,6,3,,,,,,
1,77,5929,2,3,,,,,,
1,77,5929,6,3,,,,,,
1,77,5929,2,3,,,,,,
1,77,5929,3,3,,,,,,
1,77,5929,3,3,,,,,,
1,77,5929,3,3,,,,,,
1,77,5929,3,3,,,,,,
1,77,5929,6,3,,,,,,
1,77,5929,3,3,,,,,,
1,77,5929,3,3,,,,,,
1,77,5929,3,3,,,,,,
1,78,6084,3,3,,,,,,
1,78,6084,3,3,,,,,,
1,78,6084,3,3,,,,,,
1,78,6084,2,3,,,,,,
1,78,6084,1,3,,,,,,
1,78,6084,4,3,,,,,,
1,78,6084,3,3,,,,,,
1,78,6084,3,3,,,,,,
1,78,6084,1,3,,,,,,
1,78,6084,3,3,,,,,,
1,78,6084,6,3,,,,,,
1,78,6084,4,3,,,,,,
1,78,6084,3,3,,,,,,
1,78,6084,3,3,,,,,,
1,78,6084,3,3,,,,,,
1,78,6084,2,3,,,,,,
1,78,6084,2,3,,,,,,
1,78,6084,6,1,,,,,,
1,78,6084,3,3,,,,,,
1,78,6084,2,3,,,,,,
1,78,6084,3,3,,,,,,
1,78,6084,3,3,,,,,,
1,78,6084,3,3,,,,,,
1,78,6084,3,3,,,,,,
1,78,6084,3,3,,,,,,
1,78,6084,3,3,,,,,,
1,78,6084,3,3,,,,,,
1,78,6084,1,3,,,,,,
1,78,6084,2,3,,,,,,
1,78,6084,5,3,,,,,,
1,78,6084,3,3,,,,,,
1,78,6084,3,3,,,,,,
1,78,6084,1,3,,,,,,
1,78,6084,3,3,,,,,,
1,78,6084,3,3,,,,,,
1,78,6084,7,3,,,,,,
1,78,6084,2,3,,,,,,
1,78,6084,4,3,,,,,,
1,79,6241,3,3,,,,,,
1,79,6241,1,3,,,,,,
1,79,6241,3,3,,,,,,
1,79,6241,6,3,,,,,,
1,79,6241,3,3,,,,,,
1,79,6241,3,3,,,,,,
1,79,6241,6,3,,,,,,
1,79,6241,3,3,,,,,,
1,79,6241,6,3,,,,,,
1,79,6241,2,3,,,,,,
1,79,6241,4,3,,,,,,
1,79,6241,2,3,,,,,,
1,79,6241,3,3,,,,,,
1,79,6241,3,3,,,,,,
1,79,6241,3,3,,,,,,
1,79,6241,3,3,,,,,,
1,79,6241,3,3,,,,,,
1,79,6241,3,3,,,,,,
1,79,6241,3,3,,,,,,
1,79,6241,3,3,,,,,,
1,79,6241,3,3,,,,,,
1,80,6400,3,3,,,,,,
1,80,6400,2,3,,,,,,
1,80,6400,3,3,,,,,,
1,80,6400,3,3,,,,,,
1,80,6400,1,3,,,,,,
1,80,6400,2,3,,,,,,
1,80,6400,6,3,,,,,,
1,80,6400,3,3,,,,,,
1,80,6400,3,3,,,,,,
1,80,6400,3,3,,,,,,
1,80,6400,3,3,,,,,,
1,80,6400,3,3,,,,,,
1,80,6400,2,3,,,,,,
1,80,6400,3,3,,,,,,
1,80,6400,2,3,,,,,,
1,80,6400,3,3,,,,,,
1,80,6400,3,3,,,,,,
1,80,6400,3,3,,,,,,
1,80,6400,3,3,,,,,,
1,81,6561,3,3,,,,,,
1,81,6561,2,3,,,,,,
1,81,6561,3,3,,,,,,
1,81,6561,3,3,,,,,,
1,81,6561,2,3,,,,,,
1,81,6561,3,3,,,,,,
1,81,6561,3,3,,,,,,
1,81,6561,3,3,,,,,,
1,81,6561,2,3,,,,,,
1,81,6561,3,3,,,,,,
1,81,6561,2,3,,,,,,
1,81,6561,3,3,,,,,,
1,81,6561,1,3,,,,,,
1,81,6561,2,3,,,,,,
1,81,6561,3,3,,,,,,
1,81,6561,2,3,,,,,,
1,81,6561,3,3,,,,,,
1,81,6561,3,3,,,,,,
1,81,6561,3,3,,,,,,
1,81,6561,6,3,,,,,,
1,82,6724,3,3,,,,,,
1,82,6724,3,3,,,,,,
1,82,6724,2,3,,,,,,
1,82,6724,6,3,,,,,,
1,82,6724,3,3,,,,,,
1,82,6724,3,3,,,,,,
1,82,6724,3,3,,,,,,
1,82,6724,3,3,,,,,,
1,82,6724,6,3,,,,,,
1,82,6724,3,3,,,,,,
1,82,6724,3,3,,,,,,
1,82,6724,3,3,,,,,,
1,82,6724,2,3,,,,,,
1,82,6724,3,3,,,,,,
1,82,6724,3,3,,,,,,
1,82,6724,3,3,,,,,,
1,82,6724,3,3,,,,,,
1,82,6724,6,3,,,,,,
1,82,6724,3,3,,,,,,
1,83,6889,2,3,,,,,,
1,83,6889,3,3,,,,,,
1,83,6889,3,3,,,,,,
1,83,6889,3,3,,,,,,
1,83,6889,3,3,,,,,,
1,83,6889,7,1,,,,,,
1,83,6889,6,3,,,,,,
1,83,6889,3,3,,,,,,
1,83,6889,7,3,,,,,,
1,83,6889,3,3,,,,,,
1,83,6889,2,3,,,,,,
1,84,7056,3,3,,,,,,
1,84,7056,3,3,,,,,,
1,84,7056,4,3,,,,,,
1,84,7056,7,3,,,,,,
1,84,7056,3,3,,,,,,
1,84,7056,2,3,,,,,,
1,84,7056,1,3,,,,,,
1,84,7056,3,6,,,,,,
1,84,7056,3,3,,,,,,
1,84,7056,3,3,,,,,,
1,84,7056,3,3,,,,,,
1,84,7056,3,3,,,,,,
1,84,7056,3,3,,,,,,
1,84,7056,3,3,,,,,,
1,84,7056,3,3,,,,,,
1,84,7056,1,3,,,,,,
1,84,7056,3,3,,,,,,
1,84,7056,3,3,,,,,,
1,84,7056,3,3,,,,,,
1,84,7056,3,3,,,,,,
1,84,7056,4,3,,,,,,
1,84,7056,3,3,,,,,,
1,84,7056,3,3,,,,,,
1,85,7225,3,3,,,,,,
1,85,7225,3,3,,,,,,
1,85,7225,6,3,,,,,,
1,85,7225,3,3,,,,,,
1,85,7225,3,3,,,,,,
1,85,7225,3,3,,,,,,
1,85,7225,6,3,,,,,,
1,85,7225,7,3,,,,,,
1,85,7225,6,3,,,,,,
1,85,7225,3,3,,,,,,
1,85,7225,3,3,,,,,,
1,85,7225,1,3,,,,,,
1,85,7225,3,3,,,,,,
1,85,7225,6,3,,,,,,
1,85,7225,3,3,,,,,,
1,86,7396,1,3,,,,,,
1,86,7396,1,3,,,,,,
1,86,7396,3,3,,,,,,
1,86,7396,3,3,,,,,,
1,86,7396,3,3,,,,,,
1,86,7396,4,3,,,,,,
1,86,7396,7,3,,,,,,
1,86,7396,3,3,,,,,,
1,86,7396,7,3,,,,,,
1,86,7396,2,3,,,,,,
1,87,7569,3,3,,,,,,
1,87,7569,1,3,,,,,,
1,87,7569,6,3,,,,,,
1,87,7569,3,3,,,,,,
1,87,7569,3,3,,,,,,
1,87,7569,3,3,,,,,,
1,87,7569,6,3,,,,,,
1,88,7744,2,3,,,,,,
1,88,7744,3,3,,,,,,
1,88,7744,2,3,,,,,,
1,88,7744,6,3,,,,,,
1,88,7744,1,3,,,,,,
1,88,7744,1,3,,,,,,
1,88,7744,1,3,,,,,,
1,89,7921,3,3,,,,,,
1,89,7921,3,3,,,,,,
1,89,7921,3,3,,,,,,
1,89,7921,1,3,,,,,,
1,89,7921,1,3,,,,,,
1,89,7921,3,3,,,,,,
1,89,7921,2,3,,,,,,
1,89,7921,3,3,,,,,,
1,89,7921,3,3,,,,,,
1,90,8100,2,3,,,,,,
1,90,8100,4,3,,,,,,
1,90,8100,3,3,,,,,,
1,90,8100,3,3,,,,,,
1,90,8100,3,3,,,,,,
1,90,8100,3,3,,,,,,
1,90,8100,3,3,,,,,,
1,90,8100,1,3,,,,,,
1,90,8100,3,3,,,,,,
1,91,8281,3,3,,,,,,
1,91,8281,3,3,,,,,,
1,91,8281,2,3,,,,,,
1,91,8281,1,3,,,,,,
1,91,8281,4,3,,,,,,
1,91,8281,1,3,,,,,,
1,91,8281,3,3,,,,,,
1,91,8281,3,3,,,,,,
1,91,8281,3,3,,,,,,
1,92,8464,3,3,,,,,,
1,92,8464,7,3,,,,,,
1,92,8464,3,3,,,,,,
1,92,8464,2,3,,,,,,
1,93,8649,6,3,,,,,,
1,93,8649,3,3,,,,,,
1,93,8649,3,3,,,,,,
1,94,8836,2,3,,,,,,
1,94,8836,3,3,,,,,,
1,94,8836,3,3,,,,,,
1,95,9025,3,3,,,,,,
1,96,9216,3,3,,,,,,
1,97,9409,3,3,,,,,,
1,97,9409,2,3,,,,,,
0,0,0,,,,,,,,
0,0,0,,,,,,,,
0,0,0,,,,,,,,
0,0,0,,,,,,,,
0,0,0,,,,,,,,
0,0,0,,,,,,,,
0,0,0,,,,,,,,
0,0,0,,,,,,,,
0,0,0,,,,,,,,
0,0,0,,,,,,,,
0,0,0,,,,,,,,
0,0,0,,,,,,,,
0,0,0,,,,,,,,
0,0,0,,,,,,,,
0,0,0,,,,,,,,
0,0,0,,,,,,,,
0,0,0,,,,,,,,
0,0,0,,,,,,,,
0,0,0,,,,,,,,
0,0,0,,,,,,,,
0,0,0,,,,,,,,
0,0,0,,,,,,,,
0,0,0,,,,,,,,
0,0,0,,,,,,,,
0,0,0,,,,,,,,
0,0,0,,,,,,,,
0,0,0,,,,,,,,
0,0,0,,,,,,,,
0,0,0,,,,,,,,
0,0,0,,,,,,,,
0,0,0,,,,,,,,
0,0,0,,,,,,,,
0,0,0,,,,,,,,
0,0,0,,,,,,,,
0,0,0,,,,,,,,
0,0,0,,,,,,,,
0,0,0,,,,,,,,
0,0,0,,,,,,,,
0,0,0,,,,,,,,
0,0,0,,,,,,,,
0,1,1,,,,,,,,
0,1,1,,,,,,,,
0,1,1,,,,,,,,
0,1,1,,,,,,,,
0,1,1,,,,,,,,
0,1,1,,,,,,,,
0,1,1,,,,,,,,
0,1,1,,,,,,,,
0,1,1,,,,,,,,
0,1,1,,,,,,,,
0,1,1,,,,,,,,
0,1,1,,,,,,,,
0,1,1,,,,,,,,
0,1,1,,,,,,,,
0,1,1,,,,,,,,
0,1,1,,,,,,,,
0,1,1,,,,,,,,
0,1,1,,,,,,,,
0,1,1,,,,,,,,
0,1,1,,,,,,,,
0,1,1,,,,,,,,
0,1,1,,,,,,,,
0,1,1,,,,,,,,
0,1,1,,,,,,,,
0,1,1,,,,,,,,
0,1,1,,,,,,,,
0,1,1,,,,,,,,
0,1,1,,,,,,,,
0,1,1,,,,,,,,
0,1,1,,,,,,,,
0,1,1,,,,,,,,
0,1,1,,,,,,,,
0,1,1,,,,,,,,
0,1,1,,,,,,,,
0,2,4,,,,,,,,
0,2,4,,,,,,,,
0,2,4,,,,,,,,
0,2,4,,,,,,,,
0,2,4,,,,,,,,
0,2,4,,,,,,,,
0,2,4,,,,,,,,
0,2,4,,,,,,,,
0,2,4,,,,,,,,
0,2,4,,,,,,,,
0,2,4,,,,,,,,
0,2,4,,,,,,,,
0,2,4,,,,,,,,
0,2,4,,,,,,,,
0,2,4,,,,,,,,
0,2,4,,,,,,,,
0,2,4,,,,,,,,
0,2,4,,,,,,,,
0,2,4,,,,,,,,
0,2,4,,,,,,,,
0,2,4,,,,,,,,
0,2,4,,,,,,,,
0,2,4,,,,,,,,
0,2,4,,,,,,,,
0,2,4,,,,,,,,
0,2,4,,,,,,,,
0,2,4,,,,,,,,
0,2,4,,,,,,,,
0,2,4,,,,,,,,
0,2,4,,,,,,,,
0,2,4,,,,,,,,
0,2,4,,,,,,,,
0,2,4,,,,,,,,
0,2,4,,,,,,,,
0,2,4,,,,,,,,
0,2,4,,,,,,,,
0,2,4,,,,,,,,
0,2,4,,,,,,,,
0,2,4,,,,,,,,
0,2,4,,,,,,,,
0,2,4,,,,,,,,
0,2,4,,,,,,,,
0,2,4,,,,,,,,
0,2,4,,,,,,,,
0,2,4,,,,,,,,
0,2,4,,,,,,,,
0,2,4,,,,,,,,
0,2,4,,,,,,,,
0,2,4,,,,,,,,
0,2,4,,,,,,,,
0,3,9,,,,,,,,
0,3,9,,,,,,,,
0,3,9,,,,,,,,
0,3,9,,,,,,,,
0,3,9,,,,,,,,
0,3,9,,,,,,,,
0,3,9,,,,,,,,
0,3,9,,,,,,,,
0,3,9,,,,,,,,
0,3,9,,,,,,,,
0,3,9,,,,,,,,
0,3,9,,,,,,,,
0,3,9,,,,,,,,
0,3,9,,,,,,,,
0,3,9,,,,,,,,
0,3,9,,,,,,,,
0,3,9,,,,,,,,
0,3,9,,,,,,,,
0,3,9,,,,,,,,
0,3,9,,,,,,,,
0,3,9,,,,,,,,
0,3,9,,,,,,,,
0,3,9,,,,,,,,
0,3,9,,,,,,,,
0,3,9,,,,,,,,
0,3,9,,,,,,,,
0,3,9,,,,,,,,
0,3,9,,,,,,,,
0,3,9,,,,,,,,
0,3,9,,,,,,,,
0,3,9,,,,,,,,
0,4,16,,,,,,,,
0,4,16,,,,,,,,
0,4,16,,,,,,,,
0,4,16,,,,,,,,
0,4,16,,,,,,,,
0,4,16,,,,,,,,
0,4,16,,,,,,,,
0,4,16,,,,,,,,
0,4,16,,,,,,,,
0,4,16,,,,,,,,
0,4,16,,,,,,,,
0,4,16,,,,,,,,
0,4,16,,,,,,,,
0,4,16,,,,,,,,
0,4,16,,,,,,,,
0,4,16,,,,,,,,
0,4,16,,,,,,,,
0,4,16,,,,,,,,
0,4,16,,,,,,,,
0,4,16,,,,,,,,
0,4,16,,,,,,,,
0,4,16,,,,,,,,
0,4,16,,,,,,,,
0,4,16,,,,,,,,
0,4,16,,,,,,,,
0,4,16,,,,,,,,
0,4,16,,,,,,,,
0,4,16,,,,,,,,
0,4,16,,,,,,,,
0,4,16,,,,,,,,
0,4,16,,,,,,,,
0,4,16,,,,,,,,
0,4,16,,,,,,,,
0,4,16,,,,,,,,
0,4,16,,,,,,,,
0,4,16,,,,,,,,
0,4,16,,,,,,,,
0,4,16,,,,,,,,
0,4,16,,,,,,,,
0,4,16,,,,,,,,
0,4,16,,,,,,,,
0,4,16,,,,,,,,
0,4,16,,,,,,,,
0,4,16,,,,,,,,
0,4,16,,,,,,,,
0,4,16,,,,,,,,
0,4,16,,,,,,,,
0,4,16,,,,,,,,
0,5,25,,,,,,,,
0,5,25,,,,,,,,
0,5,25,,,,,,,,
0,5,25,,,,,,,,
0,5,25,,,,,,,,
0,5,25,,,,,,,,
0,5,25,,,,,,,,
0,5,25,,,,,,,,
0,5,25,,,,,,,,
0,5,25,,,,,,,,
0,5,25,,,,,,,,
0,5,25,,,,,,,,
0,5,25,,,,,,,,
0,5,25,,,,,,,,
0,5,25,,,,,,,,
0,5,25,,,,,,,,
0,5,25,,,,,,,,
0,5,25,,,,,,,,
0,5,25,,,,,,,,
0,5,25,,,,,,,,
0,5,25,,,,,,,,
0,5,25,,,,,,,,
0,5,25,,,,,,,,
0,5,25,,,,,,,,
0,5,25,,,,,,,,
0,5,25,,,,,,,,
0,5,25,,,,,,,,
0,5,25,,,,,,,,
0,5,25,,,,,,,,
0,5,25,,,,,,,,
0,5,25,,,,,,,,
0,5,25,,,,,,,,
0,5,25,,,,,,,,
0,5,25,,,,,,,,
0,5,25,,,,,,,,
0,5,25,,,,,,,,
0,5,25,,,,,,,,
0,5,25,,,,,,,,
0,5,25,,,,,,,,
0,5,25,,,,,,,,
0,5,25,,,,,,,,
0,5,25,,,,,,,,
0,6,36,2,,,,,,,
0,6,36,2,,,,,,,
0,6,36,2,,,,,,,
0,6,36,2,,,,,,,
0,6,36,2,,,,,,,
0,6,36,2,,,,,,,
0,6,36,2,,,,,,,
0,6,36,2,,,,,,,
0,6,36,2,,,,,,,
0,6,36,2,,,,,,,
0,6,36,2,,,,,,,
0,6,36,2,,,,,,,
0,6,36,2,,,,,,,
0,6,36,2,,,,,,,
0,6,36,2,,,,,,,
0,6,36,2,,,,,,,
0,6,36,2,,,,,,,
0,6,36,2,,,,,,,
0,6,36,2,,,,,,,
0,6,36,2,,,,,,,
0,6,36,2,,,,,,,
0,6,36,2,,,,,,,
0,6,36,2,,,,,,,
0,6,36,2,,,,,,,
0,6,36,2,,,,,,,
0,6,36,2,,,,,,,
0,6,36,2,,,,,,,
0,6,36,2,,,,,,,
0,6,36,2,,,,,,,
0,6,36,2,,,,,,,
0,6,36,2,,,,,,,
0,6,36,2,,,,,,,
0,6,36,2,,,,,,,
0,6,36,2,,,,,,,
0,6,36,2,,,,,,,
0,6,36,2,,,,,,,
0,6,36,2,,,,,,,
0,6,36,2,,,,,,,
0,6,36,2,,,,,,,
0,6,36,2,,,,,,,
0,6,36,2,,,,,,,
0,6,36,2,,,,,,,
0,6,36,2,,,,,,,
0,6,36,2,,,,,,,
0,6,36,2,,,,,,,
0,6,36,2,,,,,,,
0,6,36,2,,,,,,,
0,6,36,2,,,,,,,
0,6,36,2,,,,,,,
0,6,36,2,,,,,,,
0,6,36,2,,,,,,,
0,6,36,2,,,,,,,
0,6,36,2,,,,,,,
0,6,36,2,,,,,,,
0,6,36,2,,,,,,,
0,7,49,2,,,,,,,
0,7,49,2,,,,,,,
0,7,49,2,,,,,,,
0,7,49,2,,,,,,,
0,7,49,2,,,,,,,
0,7,49,2,,,,,,,
0,7,49,2,,,,,,,
0,7,49,2,,,,,,,
0,7,49,2,,,,,,,
0,7,49,2,,,,,,,
0,7,49,2,,,,,,,
0,7,49,2,,,,,,,
0,7,49,2,,,,,,,
0,7,49,2,,,,,,,
0,7,49,2,,,,,,,
0,7,49,2,,,,,,,
0,7,49,2,,,,,,,
0,7,49,2,,,,,,,
0,7,49,2,,,,,,,
0,7,49,2,,,,,,,
0,7,49,2,,,,,,,
0,7,49,2,,,,,,,
0,7,49,2,,,,,,,
0,7,49,2,,,,,,,
0,7,49,2,,,,,,,
0,7,49,2,,,,,,,
0,7,49,2,,,,,,,
0,7,49,2,,,,,,,
0,7,49,2,,,,,,,
0,7,49,2,,,,,,,
0,7,49,2,,,,,,,
0,7,49,2,,,,,,,
0,7,49,2,,,,,,,
0,7,49,2,,,,,,,
0,7,49,2,,,,,,,
0,7,49,2,,,,,,,
0,7,49,2,,,,,,,
0,7,49,2,,,,,,,
0,7,49,2,,,,,,,
0,7,49,2,,,,,,,
0,7,49,2,,,,,,,
0,7,49,2,,,,,,,
0,7,49,2,,,,,,,
0,7,49,2,,,,,,,
0,7,49,2,,,,,,,
0,7,49,2,,,,,,,
0,7,49,2,,,,,,,
0,7,49,2,,,,,,,
0,7,49,2,,,,,,,
0,7,49,2,,,,,,,
0,7,49,2,,,,,,,
0,7,49,2,,,,,,,
0,7,49,2,,,,,,,
0,7,49,2,,,,,,,
0,7,49,2,,,,,,,
0,7,49,2,,,,,,,
0,7,49,2,,,,,,,
0,7,49,2,,,,,,,
0,7,49,2,,,,,,,
0,7,49,2,,,,,,,
0,7,49,2,,,,,,,
0,8,64,2,,,,,,,
0,8,64,2,,,,,,,
0,8,64,2,,,,,,,
0,8,64,2,,,,,,,
0,8,64,2,,,,,,,
0,8,64,2,,,,,,,
0,8,64,2,,,,,,,
0,8,64,2,,,,,,,
0,8,64,2,,,,,,,
0,8,64,2,,,,,,,
0,8,64,2,,,,,,,
0,8,64,2,,,,,,,
0,8,64,2,,,,,,,
0,8,64,2,,,,,,,
0,8,64,2,,,,,,,
0,8,64,2,,,,,,,
0,8,64,2,,,,,,,
0,8,64,2,,,,,,,
0,8,64,2,,,,,,,
0,8,64,2,,,,,,,
0,8,64,2,,,,,,,
0,8,64,2,,,,,,,
0,8,64,2,,,,,,,
0,8,64,2,,,,,,,
0,8,64,2,,,,,,,
0,8,64,2,,,,,,,
0,8,64,2,,,,,,,
0,8,64,2,,,,,,,
0,8,64,2,,,,,,,
0,8,64,2,,,,,,,
0,8,64,2,,,,,,,
0,8,64,2,,,,,,,
0,8,64,2,,,,,,,
0,8,64,2,,,,,,,
0,8,64,2,,,,,,,
0,8,64,2,,,,,,,
0,8,64,2,,,,,,,
0,8,64,2,,,,,,,
0,8,64,2,,,,,,,
0,8,64,2,,,,,,,
0,8,64,2,,,,,,,
0,8,64,2,,,,,,,
0,9,81,2,,,,,,,
0,9,81,2,,,,,,,
0,9,81,2,,,,,,,
0,9,81,2,,,,,,,
0,9,81,2,,,,,,,
0,9,81,2,,,,,,,
0,9,81,2,,,,,,,
0,9,81,2,,,,,,,
0,9,81,2,,,,,,,
0,9,81,2,,,,,,,
0,9,81,2,,,,,,,
0,9,81,2,,,,,,,
0,9,81,2,,,,,,,
0,9,81,2,,,,,,,
0,9,81,2,,,,,,,
0,9,81,2,,,,,,,
0,9,81,2,,,,,,,
0,9,81,2,,,,,,,
0,9,81,2,,,,,,,
0,9,81,2,,,,,,,
0,9,81,2,,,,,,,
0,9,81,2,,,,,,,
0,9,81,2,,,,,,,
0,9,81,2,,,,,,,
0,9,81,2,,,,,,,
0,9,81,2,,,,,,,
0,9,81,2,,,,,,,
0,9,81,2,,,,,,,
0,9,81,2,,,,,,,
0,9,81,2,,,,,,,
0,9,81,2,,,,,,,
0,9,81,2,,,,,,,
0,9,81,2,,,,,,,
0,9,81,2,,,,,,,
0,9,81,2,,,,,,,
0,9,81,2,,,,,,,
0,9,81,2,,,,,,,
0,9,81,2,,,,,,,
0,9,81,2,,,,,,,
0,9,81,2,,,,,,,
0,9,81,2,,,,,,,
0,9,81,2,,,,,,,
0,9,81,2,,,,,,,
0,9,81,2,,,,,,,
0,9,81,2,,,,,,,
0,9,81,2,,,,,,,
0,10,100,2,,,,,,,
0,10,100,2,,,,,,,
0,10,100,2,,,,,,,
0,10,100,2,,,,,,,
0,10,100,2,,,,,,,
0,10,100,2,,,,,,,
0,10,100,2,,,,,,,
0,10,100,2,,,,,,,
0,10,100,2,,,,,,,
0,10,100,2,,,,,,,
0,10,100,2,,,,,,,
0,10,100,2,,,,,,,
0,10,100,2,,,,,,,
0,10,100,2,,,,,,,
0,10,100,2,,,,,,,
0,10,100,2,,,,,,,
0,10,100,2,,,,,,,
0,10,100,2,,,,,,,
0,10,100,2,,,,,,,
0,10,100,2,,,,,,,
0,10,100,2,,,,,,,
0,10,100,2,,,,,,,
0,10,100,2,,,,,,,
0,10,100,2,,,,,,,
0,10,100,2,,,,,,,
0,10,100,2,,,,,,,
0,10,100,2,,,,,,,
0,10,100,2,,,,,,,
0,10,100,2,,,,,,,
0,10,100,2,,,,,,,
0,10,100,2,,,,,,,
0,10,100,2,,,,,,,
0,10,100,2,,,,,,,
0,10,100,2,,,,,,,
0,10,100,2,,,,,,,
0,10,100,2,,,,,,,
0,10,100,2,,,,,,,
0,10,100,2,,,,,,,
0,10,100,2,,,,,,,
0,10,100,2,,,,,,,
0,10,100,2,,,,,,,
0,10,100,2,,,,,,,
0,10,100,2,,,,,,,
0,10,100,2,,,,,,,
0,10,100,2,,,,,,,
0,10,100,2,,,,,,,
0,10,100,2,,,,,,,
0,11,121,2,,,,,,,
0,11,121,2,,,,,,,
0,11,121,2,,,,,,,
0,11,121,2,,,,,,,
0,11,121,2,,,,,,,
0,11,121,2,,,,,,,
0,11,121,2,,,,,,,
0,11,121,2,,,,,,,
0,11,121,2,,,,,,,
0,11,121,2,,,,,,,
0,11,121,2,,,,,,,
0,11,121,2,,,,,,,
0,11,121,2,,,,,,,
0,11,121,2,,,,,,,
0,11,121,2,,,,,,,
0,11,121,2,,,,,,,
0,11,121,2,,,,,,,
0,11,121,2,,,,,,,
0,11,121,2,,,,,,,
0,11,121,2,,,,,,,
0,11,121,2,,,,,,,
0,11,121,2,,,,,,,
0,11,121,2,,,,,,,
0,11,121,2,,,,,,,
0,11,121,2,,,,,,,
0,11,121,2,,,,,,,
0,11,121,2,,,,,,,
0,11,121,2,,,,,,,
0,11,121,2,,,,,,,
0,11,121,2,,,,,,,
0,11,121,2,,,,,,,
0,11,121,2,,,,,,,
0,11,121,2,,,,,,,
0,11,121,2,,,,,,,
0,11,121,2,,,,,,,
0,11,121,2,,,,,,,
0,11,121,2,,,,,,,
0,11,121,2,,,,,,,
0,11,121,2,,,,,,,
0,11,121,2,,,,,,,
0,11,121,2,,,,,,,
0,11,121,2,,,,,,,
0,11,121,2,,,,,,,
0,11,121,2,,,,,,,
0,11,121,2,,,,,,,
0,11,121,2,,,,,,,
0,11,121,2,,,,,,,
0,11,121,2,,,,,,,
0,11,121,2,,,,,,,
0,11,121,2,,,,,,,
0,11,121,2,,,,,,,
0,11,121,2,,,,,,,
0,11,121,2,,,,,,,
0,11,121,2,,,,,,,
0,11,121,2,,,,,,,
0,11,121,2,,,,,,,
0,11,121,2,,,,,,,
0,11,121,2,,,,,,,
0,11,121,2,,,,,,,
0,11,121,2,,,,,,,
0,11,121,2,,,,,,,
0,11,121,2,,,,,,,
0,11,121,2,,,,,,,
0,11,121,2,,,,,,,
0,12,144,2,,,,,,,
0,12,144,2,,,,,,,
0,12,144,2,,,,,,,
0,12,144,2,,,,,,,
0,12,144,2,,,,,,,
0,12,144,2,,,,,,,
0,12,144,2,,,,,,,
0,12,144,2,,,,,,,
0,12,144,2,,,,,,,
0,12,144,2,,,,,,,
0,12,144,2,,,,,,,
0,12,144,2,,,,,,,
0,12,144,2,,,,,,,
0,12,144,2,,,,,,,
0,12,144,2,,,,,,,
0,12,144,2,,,,,,,
0,12,144,2,,,,,,,
0,12,144,2,,,,,,,
0,12,144,2,,,,,,,
0,12,144,2,,,,,,,
0,12,144,2,,,,,,,
0,12,144,2,,,,,,,
0,12,144,2,,,,,,,
0,12,144,2,,,,,,,
0,12,144,2,,,,,,,
0,12,144,2,,,,,,,
0,12,144,2,,,,,,,
0,12,144,2,,,,,,,
0,12,144,2,,,,,,,
0,12,144,2,,,,,,,
0,12,144,2,,,,,,,
0,12,144,2,,,,,,,
0,12,144,2,,,,,,,
0,12,144,2,,,,,,,
0,12,144,2,,,,,,,
0,12,144,2,,,,,,,
0,12,144,2,,,,,,,
0,12,144,2,,,,,,,
0,12,144,2,,,,,,,
0,12,144,2,,,,,,,
0,12,144,2,,,,,,,
0,12,144,2,,,,,,,
0,12,144,2,,,,,,,
0,12,144,2,,,,,,,
0,12,144,2,,,,,,,
0,12,144,2,,,,,,,
0,12,144,2,,,,,,,
0,12,144,2,,,,,,,
0,12,144,2,,,,,,,
0,12,144,2,,,,,,,
0,12,144,2,,,,,,,
0,12,144,2,,,,,,,
0,12,144,2,,,,,,,
0,12,144,2,,,,,,,
0,13,169,2,,,,,,,
0,13,169,2,,,,,,,
0,13,169,2,,,,,,,
0,13,169,2,,,,,,,
0,13,169,2,,,,,,,
0,13,169,2,,,,,,,
0,13,169,2,,,,,,,
0,13,169,2,,,,,,,
0,13,169,2,,,,,,,
0,13,169,2,,,,,,,
0,13,169,2,,,,,,,
0,13,169,2,,,,,,,
0,13,169,2,,,,,,,
0,13,169,2,,,,,,,
0,13,169,2,,,,,,,
0,13,169,2,,,,,,,
0,13,169,2,,,,,,,
0,13,169,2,,,,,,,
0,13,169,2,,,,,,,
0,13,169,2,,,,,,,
0,13,169,2,,,,,,,
0,13,169,2,,,,,,,
0,13,169,2,,,,,,,
0,13,169,2,,,,,,,
0,13,169,2,,,,,,,
0,13,169,2,,,,,,,
0,13,169,2,,,,,,,
0,13,169,2,,,,,,,
0,13,169,2,,,,,,,
0,13,169,2,,,,,,,
0,13,169,2,,,,,,,
0,13,169,2,,,,,,,
0,13,169,2,,,,,,,
0,13,169,2,,,,,,,
0,13,169,2,,,,,,,
0,13,169,2,,,,,,,
0,13,169,2,,,,,,,
0,13,169,2,,,,,,,
0,13,169,2,,,,,,,
0,13,169,2,,,,,,,
0,13,169,2,,,,,,,
0,13,169,2,,,,,,,
0,13,169,2,,,,,,,
0,13,169,2,,,,,,,
0,13,169,2,,,,,,,
0,13,169,2,,,,,,,
0,13,169,2,,,,,,,
0,13,169,2,,,,,,,
0,13,169,2,,,,,,,
0,13,169,2,,,,,,,
0,13,169,2,,,,,,,
0,13,169,2,,,,,,,
0,14,196,2,,,,,,,
0,14,196,2,,,,,,,
0,14,196,2,,,,,,,
0,14,196,2,,,,,,,
0,14,196,2,,,,,,,
0,14,196,2,,,,,,,
0,14,196,2,,,,,,,
0,14,196,2,,,,,,,
0,14,196,2,,,,,,,
0,14,196,2,,,,,,,
0,14,196,2,,,,,,,
0,14,196,2,,,,,,,
0,14,196,2,,,,,,,
0,14,196,2,,,,,,,
0,14,196,2,,,,,,,
0,14,196,2,,,,,,,
0,14,196,2,,,,,,,
0,14,196,2,,,,,,,
0,14,196,2,,,,,,,
0,14,196,2,,,,,,,
0,14,196,2,,,,,,,
0,14,196,2,,,,,,,
0,14,196,2,,,,,,,
0,14,196,2,,,,,,,
0,14,196,2,,,,,,,
0,14,196,2,,,,,,,
0,14,196,2,,,,,,,
0,14,196,2,,,,,,,
0,14,196,2,,,,,,,
0,14,196,2,,,,,,,
0,14,196,2,,,,,,,
0,14,196,2,,,,,,,
0,14,196,2,,,,,,,
0,14,196,2,,,,,,,
0,14,196,2,,,,,,,
0,14,196,2,,,,,,,
0,14,196,2,,,,,,,
0,14,196,2,,,,,,,
0,14,196,2,,,,,,,
0,14,196,2,,,,,,,
0,14,196,2,,,,,,,
0,14,196,2,,,,,,,
0,14,196,2,,,,,,,
0,14,196,2,,,,,,,
0,14,196,2,,,,,,,
0,14,196,2,,,,,,,
0,15,225,2,,,,,,,
0,15,225,2,,,,,,,
0,15,225,2,,,,,,,
0,15,225,2,,,,,,,
0,15,225,2,,,,,,,
0,15,225,2,,,,,,,
0,15,225,2,,,,,,,
0,15,225,2,,,,,,,
0,15,225,2,,,,,,,
0,15,225,2,,,,,,,
0,15,225,2,,,,,,,
0,15,225,2,,,,,,,
0,15,225,2,,,,,,,
0,15,225,2,,,,,,,
0,15,225,2,,,,,,,
0,15,225,2,,,,,,,
0,15,225,2,,,,,,,
0,15,225,2,,,,,,,
0,15,225,2,,,,,,,
0,15,225,2,,,,,,,
0,15,225,2,,,,,,,
0,15,225,2,,,,,,,
0,15,225,2,,,,,,,
0,15,225,2,,,,,,,
0,15,225,2,,,,,,,
0,15,225,2,,,,,,,
0,15,225,2,,,,,,,
0,15,225,2,,,,,,,
0,15,225,2,,,,,,,
0,15,225,2,,,,,,,
0,15,225,2,,,,,,,
0,15,225,2,,,,,,,
0,15,225,2,,,,,,,
0,15,225,2,,,,,,,
0,15,225,2,,,,,,,
0,15,225,2,,,,,,,
0,15,225,2,,,,,,,
0,15,225,2,,,,,,,
0,15,225,2,,,,,,,
0,15,225,2,,,,,,,
0,15,225,2,,,,,,,
0,15,225,2,,,,,,,
0,15,225,2,,,,,,,
0,15,225,2,,,,,,,
0,15,225,2,,,,,,,
0,15,225,2,,,,,,,
0,15,225,2,,,,,,,
0,15,225,2,,,,,,,
0,15,225,2,,,,,,,
0,15,225,2,,,,,,,
0,15,225,2,,,,,,,
0,15,225,2,,,,,,,
0,15,225,2,,,,,,,
0,15,225,2,,,,,,,
0,15,225,2,,,,,,,
0,15,225,2,,,,,,,
0,15,225,2,,,,,,,
0,15,225,2,,,,,,,
0,16,256,2,,,,,,,
0,16,256,2,,,,,,,
0,16,256,2,,,,,,,
0,16,256,2,,,,,,,
0,16,256,2,,,,,,,
0,16,256,2,,,,,,,
0,16,256,2,,,,,,,
0,16,256,2,,,,,,,
0,16,256,2,,,,,,,
0,16,256,2,,,,,,,
0,16,256,2,,,,,,,
0,16,256,2,,,,,,,
0,16,256,2,,,,,,,
0,16,256,2,,,,,,,
0,16,256,2,,,,,,,
0,16,256,2,,,,,,,
0,16,256,2,,,,,,,
0,16,256,2,,,,,,,
0,16,256,2,,,,,,,
0,16,256,2,,,,,,,
0,16,256,2,,,,,,,
0,16,256,2,,,,,,,
0,16,256,2,,,,,,,
0,16,256,2,,,,,,,
0,16,256,2,,,,,,,
0,16,256,2,,,,,,,
0,16,256,2,,,,,,,
0,16,256,2,,,,,,,
0,16,256,2,,,,,,,
0,16,256,2,,,,,,,
0,16,256,2,,,,,,,
0,16,256,2,,,,,,,
0,16,256,2,,,,,,,
0,16,256,2,,,,,,,
0,16,256,2,,,,,,,
0,16,256,2,,,,,,,
0,16,256,2,,,,,,,
0,16,256,2,,,,,,,
0,16,256,2,,,,,,,
0,16,256,2,,,,,,,
0,16,256,2,,,,,,,
0,16,256,2,,,,,,,
0,16,256,2,,,,,,,
0,16,256,2,,,,,,,
0,16,256,2,,,,,,,
0,16,256,2,,,,,,,
0,16,256,2,,,,,,,
0,16,256,2,,,,,,,
0,16,256,2,,,,,,,
0,16,256,2,,,,,,,
0,16,256,2,,,,,,,
0,16,256,2,,,,,,,
0,16,256,2,,,,,,,
0,16,256,2,,,,,,,
0,16,256,2,,,,,,,
0,16,256,2,,,,,,,
0,16,256,2,,,,,,,
0,16,256,2,,,,,,,
0,16,256,2,,,,,,,
0,17,289,2,,,,,,,
0,17,289,2,,,,,,,
0,17,289,2,,,,,,,
0,17,289,2,,,,,,,
0,17,289,2,,,,,,,
0,17,289,2,,,,,,,
0,17,289,2,,,,,,,
0,17,289,2,,,,,,,
0,17,289,2,,,,,,,
0,17,289,2,,,,,,,
0,17,289,2,,,,,,,
0,17,289,2,,,,,,,
0,17,289,2,,,,,,,
0,17,289,2,,,,,,,
0,17,289,2,,,,,,,
0,17,289,2,,,,,,,
0,17,289,2,,,,,,,
0,17,289,2,,,,,,,
0,17,289,2,,,,,,,
0,17,289,2,,,,,,,
0,17,289,2,,,,,,,
0,17,289,2,,,,,,,
0,17,289,2,,,,,,,
0,17,289,2,,,,,,,
0,17,289,2,,,,,,,
0,17,289,2,,,,,,,
0,17,289,2,,,,,,,
0,17,289,2,,,,,,,
0,17,289,2,,,,,,,
0,17,289,2,,,,,,,
0,17,289,2,,,,,,,
0,17,289,2,,,,,,,
0,17,289,2,,,,,,,
0,17,289,2,,,,,,,
0,17,289,2,,,,,,,
0,17,289,2,,,,,,,
0,17,289,2,,,,,,,
0,17,289,2,,,,,,,
0,17,289,2,,,,,,,
0,17,289,2,,,,,,,
0,17,289,2,,,,,,,
0,17,289,2,,,,,,,
0,17,289,2,,,,,,,
0,17,289,2,,,,,,,
0,17,289,2,,,,,,,
0,17,289,2,,,,,,,
0,17,289,2,,,,,,,
0,17,289,2,,,,,,,
0,17,289,2,,,,,,,
0,17,289,2,,,,,,,
0,17,289,2,,,,,,,
0,17,289,2,,,,,,,
0,17,289,2,,,,,,,
0,17,289,2,,,,,,,
0,18,324,2,,,,,,,
0,18,324,2,,,,,,,
0,18,324,2,,,,,,,
0,18,324,2,,,,,,,
0,18,324,2,,,,,,,
0,18,324,2,,,,,,,
0,18,324,2,,,,,,,
0,18,324,2,,,,,,,
0,18,324,2,,,,,,,
0,18,324,2,,,,,,,
0,18,324,2,,,,,,,
0,18,324,2,,,,,,,
0,18,324,2,,,,,,,
0,18,324,2,,,,,,,
0,18,324,2,,,,,,,
0,18,324,2,,,,,,,
0,18,324,2,,,,,,,
0,18,324,2,,,,,,,
0,18,324,2,,,,,,,
0,18,324,2,,,,,,,
0,18,324,2,,,,,,,
0,18,324,2,,,,,,,
0,18,324,2,,,,,,,
0,18,324,2,,,,,,,
0,18,324,2,,,,,,,
0,18,324,2,,,,,,,
0,18,324,2,,,,,,,
0,18,324,2,,,,,,,
0,18,324,2,,,,,,,
0,18,324,2,,,,,,,
0,18,324,2,,,,,,,
0,18,324,2,,,,,,,
0,18,324,2,,,,,,,
0,18,324,2,,,,,,,
0,18,324,2,,,,,,,
0,18,324,2,,,,,,,
0,18,324,2,,,,,,,
0,18,324,2,,,,,,,
0,19,361,3,,,,,,,
0,19,361,3,,,,,,,
0,19,361,3,,,,,,,
0,19,361,3,,,,,,,
0,19,361,3,,,,,,,
0,19,361,3,,,,,,,
0,19,361,3,,,,,,,
0,19,361,3,,,,,,,
0,19,361,3,,,,,,,
0,19,361,3,,,,,,,
0,19,361,3,,,,,,,
0,19,361,3,,,,,,,
0,19,361,3,,,,,,,
0,19,361,3,,,,,,,
0,19,361,3,,,,,,,
0,19,361,3,,,,,,,
0,19,361,3,,,,,,,
0,19,361,3,,,,,,,
0,19,361,3,,,,,,,
0,19,361,3,,,,,,,
0,19,361,3,,,,,,,
0,19,361,3,,,,,,,
0,19,361,3,,,,,,,
0,19,361,3,,,,,,,
0,19,361,3,,,,,,,
0,19,361,3,,,,,,,
0,19,361,3,,,,,,,
0,19,361,3,,,,,,,
0,19,361,3,,,,,,,
0,19,361,3,,,,,,,
0,19,361,3,,,,,,,
0,19,361,3,,,,,,,
0,19,361,3,,,,,,,
0,19,361,3,,,,,,,
0,19,361,3,,,,,,,
0,19,361,3,,,,,,,
0,19,361,3,,,,,,,
0,19,361,3,,,,,,,
0,19,361,3,,,,,,,
0,20,400,3,,,,,,,
0,20,400,3,,,,,,,
0,20,400,3,,,,,,,
0,20,400,3,,,,,,,
0,20,400,3,,,,,,,
0,20,400,3,,,,,,,
0,20,400,3,,,,,,,
0,20,400,3,,,,,,,
0,20,400,3,,,,,,,
0,20,400,3,,,,,,,
0,20,400,3,,,,,,,
0,20,400,3,,,,,,,
0,20,400,3,,,,,,,
0,20,400,3,,,,,,,
0,20,400,3,,,,,,,
0,20,400,3,,,,,,,
0,20,400,3,,,,,,,
0,20,400,3,,,,,,,
0,20,400,3,,,,,,,
0,20,400,3,,,,,,,
0,20,400,3,,,,,,,
0,20,400,3,,,,,,,
0,20,400,3,,,,,,,
0,20,400,3,,,,,,,
0,20,400,3,,,,,,,
0,20,400,3,,,,,,,
0,20,400,3,,,,,,,
0,20,400,3,,,,,,,
0,20,400,3,,,,,,,
0,20,400,3,,,,,,,
0,20,400,3,,,,,,,
0,20,400,3,,,,,,,
0,20,400,3,,,,,,,
0,20,400,3,,,,,,,
0,20,400,3,,,,,,,
0,20,400,3,,,,,,,
0,20,400,3,,,,,,,
0,21,441,3,,,,,,,
0,21,441,3,,,,,,,
0,21,441,3,,,,,,,
0,21,441,3,,,,,,,
0,21,441,3,,,,,,,
0,21,441,3,,,,,,,
0,21,441,3,,,,,,,
0,21,441,3,,,,,,,
0,21,441,3,,,,,,,
0,21,441,3,,,,,,,
0,21,441,3,,,,,,,
0,21,441,3,,,,,,,
0,21,441,3,,,,,,,
0,21,441,3,,,,,,,
0,21,441,3,,,,,,,
0,21,441,3,,,,,,,
0,21,441,3,,,,,,,
0,21,441,3,,,,,,,
0,21,441,3,,,,,,,
0,21,441,3,,,,,,,
0,21,441,3,,,,,,,
0,21,441,3,,,,,,,
0,21,441,3,,,,,,,
0,21,441,3,,,,,,,
0,21,441,3,,,,,,,
0,21,441,3,,,,,,,
0,21,441,3,,,,,,,
0,21,441,3,,,,,,,
0,21,441,3,,,,,,,
0,21,441,3,,,,,,,
0,21,441,3,,,,,,,
0,21,441,3,,,,,,,
0,21,441,3,,,,,,,
0,21,441,3,,,,,,,
0,21,441,3,,,,,,,
0,21,441,3,,,,,,,
0,21,441,3,,,,,,,
0,21,441,3,,,,,,,
0,21,441,3,,,,,,,
0,21,441,3,,,,,,,
0,21,441,3,,,,,,,
0,21,441,3,,,,,,,
0,21,441,3,,,,,,,
0,22,484,3,5,,,,,,
0,22,484,3,5,,,,,,
0,22,484,5,5,,,,,,
0,22,484,3,1,,,,,,
0,22,484,3,5,,,,,,
0,22,484,3,5,,,,,,
0,22,484,3,5,,,,,,
0,22,484,3,5,,,,,,
0,22,484,3,1,,,,,,
0,22,484,3,5,,,,,,
0,22,484,3,5,,,,,,
0,22,484,3,5,,,,,,
0,22,484,3,5,,,,,,
0,22,484,2,5,,,,,,
0,22,484,3,5,,,,,,
0,22,484,3,5,,,,,,
0,22,484,5,5,,,,,,
0,22,484,3,5,,,,,,
0,22,484,3,5,,,,,,
0,22,484,3,5,,,,,,
0,22,484,3,5,,,,,,
0,22,484,3,5,,,,,,
0,22,484,3,5,,,,,,
0,22,484,5,5,,,,,,
0,22,484,3,1,,,,,,
0,22,484,3,5,,,,,,
0,22,484,3,5,,,,,,
0,22,484,3,5,,,,,,
0,22,484,5,5,,,,,,
0,22,484,2,5,,,,,,
0,22,484,3,5,,,,,,
0,22,484,3,5,,,,,,
0,22,484,3,5,,,,,,
0,22,484,3,5,,,,,,
0,22,484,3,6,,,,,,
0,22,484,3,5,,,,,,
0,22,484,3,5,,,,,,
0,22,484,4,5,,,,,,
0,22,484,3,5,,,,,,
0,22,484,2,5,,,,,,
0,22,484,3,5,,,,,,
0,22,484,5,5,,,,,,
0,22,484,3,1,,,,,,
0,22,484,3,5,,,,,,
0,22,484,3,1,,,,,,
0,22,484,3,2,,,,,,
0,22,484,3,5,,,,,,
0,22,484,3,1,,,,,,
0,22,484,3,1,,,,,,
0,22,484,3,5,,,,,,
0,22,484,3,5,,,,,,
0,22,484,3,5,,,,,,
0,23,529,5,5,,,,,,
0,23,529,3,6,,,,,,
0,23,529,5,5,,,,,,
0,23,529,3,5,,,,,,
0,23,529,3,5,,,,,,
0,23,529,3,5,,,,,,
0,23,529,5,5,,,,,,
0,23,529,5,5,,,,,,
0,23,529,3,5,,,,,,
0,23,529,3,1,,,,,,
0,23,529,4,1,,,,,,
0,23,529,3,5,,,,,,
0,23,529,2,6,,,,,,
0,23,529,3,1,,,,,,
0,23,529,3,1,,,,,,
0,23,529,1,4,,,,,,
0,23,529,3,5,,,,,,
0,23,529,3,2,,,,,,
0,23,529,3,5,,,,,,
0,23,529,1,4,,,,,,
0,23,529,5,5,,,,,,
0,23,529,5,5,,,,,,
0,23,529,3,1,,,,,,
0,23,529,3,5,,,,,,
0,23,529,5,5,,,,,,
0,23,529,2,1,,,,,,
0,23,529,4,5,,,,,,
0,23,529,3,5,,,,,,
0,23,529,5,1,,,,,,
0,23,529,5,5,,,,,,
0,23,529,3,1,,,,,,
0,23,529,2,1,,,,,,
0,23,529,5,5,,,,,,
0,23,529,3,1,,,,,,
0,23,529,3,5,,,,,,
0,23,529,5,5,,,,,,
0,23,529,3,5,,,,,,
0,23,529,3,1,,,,,,
0,23,529,3,5,,,,,,
0,23,529,5,1,,,,,,
0,23,529,3,5,,,,,,
0,23,529,5,5,,,,,,
0,23,529,3,5,,,,,,
0,23,529,3,6,,,,,,
0,23,529,3,1,,,,,,
0,23,529,3,5,,,,,,
0,23,529,3,1,,,,,,
0,23,529,3,2,,,,,,
0,23,529,5,5,,,,,,
0,23,529,3,5,,,,,,
0,23,529,3,5,,,,,,
0,23,529,3,1,,,,,,
0,23,529,3,1,,,,,,
0,23,529,2,5,,,,,,
0,23,529,3,5,,,,,,
0,23,529,3,2,,,,,,
0,24,576,5,5,,,,,,
0,24,576,4,1,,,,,,
0,24,576,3,1,,,,,,
0,24,576,5,5,,,,,,
0,24,576,3,1,,,,,,
0,24,576,3,5,,,,,,
0,24,576,3,1,,,,,,
0,24,576,5,5,,,,,,
0,24,576,4,1,,,,,,
0,24,576,3,1,,,,,,
0,24,576,5,5,,,,,,
0,24,576,1,6,,,,,,
0,24,576,4,5,,,,,,
0,24,576,3,5,,,,,,
0,24,576,3,1,,,,,,
0,24,576,3,1,,,,,,
0,24,576,4,1,,,,,,
0,24,576,3,1,,,,,,
0,24,576,3,1,,,,,,
0,24,576,5,5,,,,,,
0,24,576,5,5,,,,,,
0,24,576,2,2,,,,,,
0,24,576,3,1,,,,,,
0,24,576,3,2,,,,,,
0,24,576,2,5,,,,,,
0,24,576,3,5,,,,,,
0,24,576,5,5,,,,,,
0,24,576,4,1,,,,,,
0,24,576,3,1,,,,,,
0,24,576,5,5,,,,,,
0,24,576,3,1,,,,,,
0,24,576,3,5,,,,,,
0,24,576,3,5,,,,,,
0,24,576,1,1,,,,,,
0,25,625,5,1,,,,,,
0,25,625,4,1,,,,,,
0,25,625,5,5,,,,,,
0,25,625,6,1,,,,,,
0,25,625,5,1,,,,,,
0,25,625,3,1,,,,,,
0,25,625,5,5,,,,,,
0,25,625,6,1,,,,,,
0,25,625,3,2,,,,,,
0,25,625,5,1,,,,,,
0,25,625,3,1,,,,,,
0,25,625,5,1,,,,,,
0,25,625,5,2,,,,,,
0,25,625,5,1,,,,,,
0,25,625,5,5,,,,,,
0,25,625,3,2,,,,,,
0,25,625,5,5,,,,,,
0,25,625,6,1,,,,,,
0,25,625,3,5,,,,,,
0,25,625,3,1,,,,,,
0,25,625,2,2,,,,,,
0,25,625,3,5,,,,,,
0,25,625,5,1,,,,,,
0,25,625,5,5,,,,,,
0,25,625,5,1,,,,,,
0,25,625,3,5,,,,,,
0,25,625,3,1,,,,,,
0,25,625,3,1,,,,,,
0,25,625,5,1,,,,,,
0,25,625,5,5,,,,,,
0,25,625,3,1,,,,,,
0,25,625,5,5,,,,,,
0,25,625,6,1,,,,,,
0,25,625,1,1,,,,,,
0,25,625,3,5,,,,,,
0,25,625,4,1,,,,,,
0,25,625,6,1,,,,,,
0,25,625,5,5,,,,,,
0,25,625,2,4,,,,,,
0,25,625,6,1,,,,,,
0,25,625,1,1,,,,,,
0,25,625,2,5,,,,,,
0,25,625,2,1,,,,,,
0,25,625,3,5,,,,,,
0,25,625,2,1,,,,,,
0,25,625,4,1,,,,,,
0,25,625,5,1,,,,,,
0,25,625,5,5,,,,,,
0,26,676,6,1,,,,,,
0,26,676,6,5,,,,,,
0,26,676,3,5,,,,,,
0,26,676,5,5,,,,,,
0,26,676,3,5,,,,,,
0,26,676,3,1,,,,,,
0,26,676,3,5,,,,,,
0,26,676,6,1,,,,,,
0,26,676,5,5,,,,,,
0,26,676,3,1,,,,,,
0,26,676,4,1,,,,,,
0,26,676,6,1,,,,,,
0,26,676,6,5,,,,,,
0,26,676,4,1,,,,,,
0,26,676,3,1,,,,,,
0,26,676,5,1,,,,,,
0,26,676,3,6,,,,,,
0,26,676,5,5,,,,,,
0,26,676,3,1,,,,,,
0,26,676,5,1,,,,,,
0,26,676,3,6,,,,,,
0,26,676,5,1,,,,,,
0,26,676,5,1,,,,,,
0,26,676,5,1,,,,,,
0,26,676,3,1,,,,,,
0,26,676,5,5,,,,,,
0,26,676,5,1,,,,,,
0,26,676,4,1,,,,,,
0,26,676,5,1,,,,,,
0,26,676,3,6,,,,,,
0,26,676,2,1,,,,,,
0,26,676,3,1,,,,,,
0,26,676,3,1,,,,,,
0,26,676,6,5,,,,,,
0,26,676,4,1,,,,,,
0,26,676,3,2,,,,,,
0,26,676,5,1,,,,,,
0,26,676,5,5,,,,,,
0,26,676,3,1,,,,,,
0,26,676,6,1,,,,,,
0,27,729,6,1,,,,,,
0,27,729,3,1,,,,,,
0,27,729,5,1,,,,,,
0,27,729,3,1,,,,,,
0,27,729,3,1,,,,,,
0,27,729,5,6,,,,,,
0,27,729,3,4,,,,,,
0,27,729,6,1,,,,,,
0,27,729,5,1,,,,,,
0,27,729,6,1,,,,,,
0,27,729,2,1,,,,,,
0,27,729,6,1,,,,,,
0,27,729,3,2,,,,,,
0,27,729,3,1,,,,,,
0,27,729,3,1,,,,,,
0,27,729,6,2,,,,,,
0,27,729,5,1,,,,,,
0,27,729,5,2,,,,,,
0,27,729,2,1,,,,,,
0,27,729,3,1,,,,,,
0,27,729,4,5,,,,,,
0,27,729,3,1,,,,,,
0,27,729,3,2,,,,,,
0,27,729,6,1,,,,,,
0,27,729,3,1,,,,,,
0,27,729,5,1,,,,,,
0,27,729,3,1,,,,,,
0,27,729,4,1,,,,,,
0,27,729,5,1,,,,,,
0,27,729,3,1,,,,,,
0,27,729,4,1,,,,,,
0,27,729,5,1,,,,,,
0,27,729,5,1,,,,,,
0,27,729,3,1,,,,,,
0,27,729,5,1,,,,,,
0,27,729,3,1,,,,,,
0,27,729,6,1,,,,,,
0,27,729,6,1,,,,,,
0,27,729,3,1,,,,,,
0,28,784,3,2,,,,,,
0,28,784,6,1,,,,,,
0,28,784,4,1,,,,,,
0,28,784,3,1,,,,,,
0,28,784,5,1,,,,,,
0,28,784,6,5,,,,,,
0,28,784,3,5,,,,,,
0,28,784,4,1,,,,,,
0,28,784,3,6,,,,,,
0,28,784,3,1,,,,,,
0,28,784,2,1,,,,,,
0,28,784,2,1,,,,,,
0,28,784,3,1,,,,,,
0,28,784,3,1,,,,,,
0,28,784,3,1,,,,,,
0,28,784,6,1,,,,,,
0,28,784,3,1,,,,,,
0,28,784,6,2,,,,,,
0,28,784,4,6,,,,,,
0,28,784,5,1,,,,,,
0,28,784,6,1,,,,,,
0,28,784,5,1,,,,,,
0,28,784,6,1,,,,,,
0,28,784,5,1,,,,,,
0,28,784,3,2,,,,,,
0,28,784,5,1,,,,,,
0,28,784,5,5,,,,,,
0,28,784,5,1,,,,,,
0,28,784,6,1,,,,,,
0,28,784,3,1,,,,,,
0,28,784,3,1,,,,,,
0,28,784,6,1,,,,,,
0,28,784,3,1,,,,,,
0,28,784,5,1,,,,,,
0,28,784,6,1,,,,,,
0,28,784,4,1,,,,,,
0,28,784,3,1,,,,,,
0,28,784,3,4,,,,,,
0,28,784,6,1,,,,,,
0,28,784,3,1,,,,,,
0,28,784,3,1,,,,,,
0,28,784,4,2,,,,,,
0,28,784,3,1,,,,,,
0,28,784,5,1,,,,,,
0,28,784,5,1,,,,,,
0,28,784,3,1,,,,,,
0,28,784,4,1,,,,,,
0,28,784,4,1,,,,,,
0,28,784,3,1,,,,,,
0,28,784,3,1,,,,,,
0,29,841,2,2,,,,,,
0,29,841,3,1,,,,,,
0,29,841,3,2,,,,,,
0,29,841,3,1,,,,,,
0,29,841,3,1,,,,,,
0,29,841,3,1,,,,,,
0,29,841,3,6,,,,,,
0,29,841,3,1,,,,,,
0,29,841,2,6,,,,,,
0,29,841,6,1,,,,,,
0,29,841,6,1,,,,,,
0,29,841,6,6,,,,,,
0,29,841,3,6,,,,,,
0,29,841,5,1,,,,,,
0,29,841,3,1,,,,,,
0,29,841,3,1,,,,,,
0,29,841,6,1,,,,,,
0,29,841,5,1,,,,,,
0,29,841,6,1,,,,,,
0,29,841,3,1,,,,,,
0,29,841,3,1,,,,,,
0,29,841,6,1,,,,,,
0,29,841,6,1,,,,,,
0,29,841,6,1,,,,,,
0,29,841,4,1,,,,,,
0,29,841,6,1,,,,,,
0,29,841,6,1,,,,,,
0,29,841,5,1,,,,,,
0,29,841,5,1,,,,,,
0,29,841,3,1,,,,,,
0,29,841,3,1,,,,,,
0,29,841,5,1,,,,,,
0,29,841,3,1,,,,,,
0,29,841,3,1,,,,,,
0,29,841,3,1,,,,,,
0,29,841,3,1,,,,,,
0,29,841,3,1,,,,,,
0,29,841,3,1,,,,,,
0,29,841,5,6,,,,,,
0,29,841,3,6,,,,,,
0,29,841,3,1,,,,,,
0,29,841,5,1,,,,,,
0,29,841,3,1,,,,,,
0,29,841,2,2,,,,,,
0,29,841,5,1,,,,,,
0,29,841,6,1,,,,,,
0,29,841,1,4,,,,,,
0,29,841,3,1,,,,,,
0,29,841,3,1,,,,,,
0,29,841,3,1,,,,,,
0,29,841,3,1,,,,,,
0,29,841,6,1,,,,,,
0,29,841,3,1,,,,,,
0,29,841,3,1,,,,,,
0,29,841,4,1,,,,,,
0,29,841,7,1,,,,,,
0,29,841,6,1,,,,,,
0,29,841,3,1,,,,,,
0,30,900,3,2,,,,,,
0,30,900,5,1,,,,,,
0,30,900,3,1,,,,,,
0,30,900,3,1,,,,,,
0,30,900,3,1,,,,,,
0,30,900,2,2,,,,,,
0,30,900,5,1,,,,,,
0,30,900,5,1,,,,,,
0,30,900,5,1,,,,,,
0,30,900,4,1,,,,,,
0,30,900,5,1,,,,,,
0,30,900,3,1,,,,,,
0,30,900,5,1,,,,,,
0,30,900,1,4,,,,,,
0,30,900,3,1,,,,,,
0,30,900,2,1,,,,,,
0,30,900,3,1,,,,,,
0,30,900,3,1,,,,,,
0,30,900,6,1,,,,,,
0,30,900,4,1,,,,,,
0,30,900,3,1,,,,,,
0,30,900,5,1,,,,,,
0,30,900,6,1,,,,,,
0,30,900,5,1,,,,,,
0,30,900,6,1,,,,,,
0,30,900,3,1,,,,,,
0,30,900,5,1,,,,,,
0,30,900,5,1,,,,,,
0,30,900,5,1,,,,,,
0,30,900,6,1,,,,,,
0,30,900,3,1,,,,,,
0,30,900,5,1,,,,,,
0,30,900,6,1,,,,,,
0,30,900,6,1,,,,,,
0,30,900,1,2,,,,,,
0,30,900,3,2,,,,,,
0,30,900,6,1,,,,,,
0,30,900,6,1,,,,,,
0,30,900,6,1,,,,,,
0,30,900,5,1,,,,,,
0,30,900,6,1,,,,,,
0,30,900,5,1,,,,,,
0,30,900,3,2,,,,,,
0,30,900,3,1,,,,,,
0,30,900,4,1,,,,,,
0,30,900,3,1,,,,,,
0,30,900,5,2,,,,,,
0,30,900,3,1,,,,,,
0,30,900,5,1,,,,,,
0,30,900,3,1,,,,,,
0,30,900,5,5,,,,,,
0,30,900,3,1,,,,,,
0,30,900,6,1,,,,,,
0,30,900,5,1,,,,,,
0,31,961,5,1,,,,,,
0,31,961,6,1,,,,,,
0,31,961,4,1,,,,,,
0,31,961,5,1,,,,,,
0,31,961,3,6,,,,,,
0,31,961,3,1,,,,,,
0,31,961,6,1,,,,,,
0,31,961,3,1,,,,,,
0,31,961,6,5,,,,,,
0,31,961,7,1,,,,,,
0,31,961,5,1,,,,,,
0,31,961,6,1,,,,,,
0,31,961,3,1,,,,,,
0,31,961,6,1,,,,,,
0,31,961,3,1,,,,,,
0,31,961,5,1,,,,,,
0,31,961,5,1,,,,,,
0,31,961,5,2,,,,,,
0,31,961,3,1,,,,,,
0,31,961,6,1,,,,,,
0,31,961,6,1,,,,,,
0,31,961,3,4,,,,,,
0,31,961,5,1,,,,,,
0,31,961,3,1,,,,,,
0,31,961,2,1,,,,,,
0,31,961,3,1,,,,,,
0,31,961,3,6,,,,,,
0,31,961,5,1,,,,,,
0,31,961,6,1,,,,,,
0,31,961,6,1,,,,,,
0,31,961,3,1,,,,,,
0,31,961,5,1,,,,,,
0,31,961,3,1,,,,,,
0,31,961,4,1,,,,,,
0,31,961,6,1,,,,,,
0,31,961,4,1,,,,,,
0,31,961,3,1,,,,,,
0,31,961,6,6,,,,,,
0,31,961,6,1,,,,,,
0,31,961,7,1,,,,,,
0,31,961,5,1,,,,,,
0,31,961,3,1,,,,,,
0,31,961,3,1,,,,,,
0,31,961,6,1,,,,,,
0,32,1024,6,1,,,,,,
0,32,1024,3,1,,,,,,
0,32,1024,1,4,,,,,,
0,32,1024,2,1,,,,,,
0,32,1024,3,1,,,,,,
0,32,1024,5,1,,,,,,
0,32,1024,3,1,,,,,,
0,32,1024,3,1,,,,,,
0,32,1024,3,2,,,,,,
0,32,1024,3,1,,,,,,
0,32,1024,3,1,,,,,,
0,32,1024,6,1,,,,,,
0,32,1024,3,1,,,,,,
0,32,1024,5,1,,,,,,
0,32,1024,2,1,,,,,,
0,32,1024,3,1,,,,,,
0,32,1024,5,2,,,,,,
0,32,1024,5,1,,,,,,
0,32,1024,6,1,,,,,,
0,32,1024,5,1,,,,,,
0,32,1024,5,1,,,,,,
0,32,1024,3,1,,,,,,
0,32,1024,3,1,,,,,,
0,32,1024,3,1,,,,,,
0,32,1024,5,1,,,,,,
0,32,1024,6,1,,,,,,
0,32,1024,5,2,,,,,,
0,32,1024,6,2,,,,,,
0,32,1024,4,1,,,,,,
0,32,1024,4,1,,,,,,
0,32,1024,3,1,,,,,,
0,32,1024,5,1,,,,,,
0,32,1024,3,1,,,,,,
0,32,1024,5,1,,,,,,
0,32,1024,5,1,,,,,,
0,32,1024,6,1,,,,,,
0,32,1024,6,1,,,,,,
0,32,1024,6,1,,,,,,
0,32,1024,2,4,,,,,,
0,32,1024,5,1,,,,,,
0,32,1024,5,1,,,,,,
0,32,1024,6,1,,,,,,
0,32,1024,2,1,,,,,,
0,32,1024,3,1,,,,,,
0,32,1024,5,1,,,,,,
0,32,1024,4,1,,,,,,
0,32,1024,3,1,,,,,,
0,32,1024,3,1,,,,,,
0,32,1024,6,1,,,,,,
0,32,1024,6,1,,,,,,
0,32,1024,5,2,,,,,,
0,32,1024,3,1,,,,,,
0,32,1024,5,1,,,,,,
0,32,1024,5,1,,,,,,
0,33,1089,3,1,,,,,,
0,33,1089,6,1,,,,,,
0,33,1089,3,1,,,,,,
0,33,1089,6,1,,,,,,
0,33,1089,3,1,,,,,,
0,33,1089,3,1,,,,,,
0,33,1089,3,1,,,,,,
0,33,1089,6,1,,,,,,
0,33,1089,3,6,,,,,,
0,33,1089,6,1,,,,,,
0,33,1089,6,1,,,,,,
0,33,1089,6,1,,,,,,
0,33,1089,6,1,,,,,,
0,33,1089,3,2,,,,,,
0,33,1089,3,1,,,,,,
0,33,1089,3,1,,,,,,
0,33,1089,6,1,,,,,,
0,33,1089,3,1,,,,,,
0,33,1089,6,1,,,,,,
0,33,1089,3,1,,,,,,
0,33,1089,6,1,,,,,,
0,33,1089,5,1,,,,,,
0,33,1089,5,1,,,,,,
0,33,1089,3,1,,,,,,
0,33,1089,3,1,,,,,,
0,33,1089,6,1,,,,,,
0,33,1089,3,1,,,,,,
0,33,1089,3,1,,,,,,
0,33,1089,3,6,,,,,,
0,33,1089,2,1,,,,,,
0,33,1089,3,1,,,,,,
0,33,1089,3,2,,,,,,
0,33,1089,6,1,,,,,,
0,33,1089,6,1,,,,,,
0,33,1089,3,1,,,,,,
0,33,1089,6,1,,,,,,
0,33,1089,4,1,,,,,,
0,33,1089,2,6,,,,,,
0,33,1089,5,2,,,,,,
0,33,1089,5,2,,,,,,
0,33,1089,3,1,,,,,,
0,33,1089,3,1,,,,,,
0,33,1089,6,1,,,,,,
0,33,1089,6,1,,,,,,
0,33,1089,3,1,,,,,,
0,33,1089,5,1,,,,,,
0,33,1089,5,1,,,,,,
0,33,1089,4,1,,,,,,
0,33,1089,5,1,,,,,,
0,33,1089,6,1,,,,,,
0,33,1089,6,1,,,,,,
0,33,1089,3,1,,,,,,
0,33,1089,3,1,,,,,,
0,33,1089,5,1,,,,,,
0,33,1089,5,1,,,,,,
0,33,1089,6,1,,,,,,
0,33,1089,6,1,,,,,,
0,33,1089,6,1,,,,,,
0,33,1089,6,1,,,,,,
0,34,1156,3,6,,,,,,
0,34,1156,5,1,,,,,,
0,34,1156,3,1,,,,,,
0,34,1156,3,1,,,,,,
0,34,1156,3,1,,,,,,
0,34,1156,5,1,,,,,,
0,34,1156,5,1,,,,,,
0,34,1156,6,1,,,,,,
0,34,1156,3,1,,,,,,
0,34,1156,6,1,,,,,,
0,34,1156,2,6,,,,,,
0,34,1156,3,1,,,,,,
0,34,1156,5,1,,,,,,
0,34,1156,7,1,,,,,,
0,34,1156,6,1,,,,,,
0,34,1156,3,1,,,,,,
0,34,1156,2,2,,,,,,
0,34,1156,5,1,,,,,,
0,34,1156,3,1,,,,,,
0,34,1156,4,1,,,,,,
0,34,1156,4,1,,,,,,
0,34,1156,6,1,,,,,,
0,34,1156,5,1,,,,,,
0,34,1156,5,1,,,,,,
0,34,1156,3,1,,,,,,
0,34,1156,6,1,,,,,,
0,34,1156,3,1,,,,,,
0,34,1156,3,1,,,,,,
0,34,1156,1,6,,,,,,
0,34,1156,3,1,,,,,,
0,34,1156,3,1,,,,,,
0,34,1156,5,1,,,,,,
0,34,1156,6,1,,,,,,
0,34,1156,3,1,,,,,,
0,34,1156,5,1,,,,,,
0,34,1156,4,1,,,,,,
0,34,1156,3,1,,,,,,
0,34,1156,4,1,,,,,,
0,34,1156,5,1,,,,,,
0,34,1156,3,2,,,,,,
0,34,1156,6,1,,,,,,
0,34,1156,6,1,,,,,,
0,34,1156,3,1,,,,,,
0,34,1156,3,2,,,,,,
0,34,1156,6,1,,,,,,
0,34,1156,3,6,,,,,,
0,35,1225,2,4,,,,,,
0,35,1225,3,1,,,,,,
0,35,1225,3,1,,,,,,
0,35,1225,6,1,,,,,,
0,35,1225,3,4,,,,,,
0,35,1225,6,1,,,,,,
0,35,1225,6,1,,,,,,
0,35,1225,3,1,,,,,,
0,35,1225,5,1,,,,,,
0,35,1225,5,1,,,,,,
0,35,1225,3,1,,,,,,
0,35,1225,3,1,,,,,,
0,35,1225,6,1,,,,,,
0,35,1225,3,1,,,,,,
0,35,1225,5,1,,,,,,
0,35,1225,3,1,,,,,,
0,35,1225,3,1,,,,,,
0,35,1225,5,1,,,,,,
0,35,1225,5,1,,,,,,
0,35,1225,6,2,,,,,,
0,35,1225,6,1,,,,,,
0,35,1225,6,1,,,,,,
0,35,1225,5,1,,,,,,
0,35,1225,5,1,,,,,,
0,35,1225,1,4,,,,,,
0,35,1225,5,1,,,,,,
0,35,1225,4,1,,,,,,
0,35,1225,4,1,,,,,,
0,35,1225,6,1,,,,,,
0,35,1225,6,1,,,,,,
0,35,1225,3,1,,,,,,
0,35,1225,4,1,,,,,,
0,35,1225,3,2,,,,,,
0,35,1225,3,1,,,,,,
0,35,1225,2,2,,,,,,
0,35,1225,5,1,,,,,,
0,35,1225,3,1,,,,,,
0,35,1225,4,1,,,,,,
0,35,1225,2,1,,,,,,
0,35,1225,3,1,,,,,,
0,35,1225,5,1,,,,,,
0,35,1225,5,1,,,,,,
0,35,1225,3,4,,,,,,
0,35,1225,3,2,,,,,,
0,35,1225,6,1,,,,,,
0,35,1225,3,1,,,,,,
0,35,1225,5,1,,,,,,
0,35,1225,3,1,,,,,,
0,35,1225,3,1,,,,,,
0,35,1225,3,1,,,,,,
0,36,1296,3,6,,,,,,
0,36,1296,3,1,,,,,,
0,36,1296,3,1,,,,,,
0,36,1296,5,1,,,,,,
0,36,1296,5,1,,,,,,
0,36,1296,6,1,,,,,,
0,36,1296,3,1,,,,,,
0,36,1296,5,1,,,,,,
0,36,1296,5,1,,,,,,
0,36,1296,3,1,,,,,,
0,36,1296,6,1,,,,,,
0,36,1296,6,1,,,,,,
0,36,1296,6,1,,,,,,
0,36,1296,3,1,,,,,,
0,36,1296,3,1,,,,,,
0,36,1296,6,1,,,,,,
0,36,1296,3,2,,,,,,
0,36,1296,3,1,,,,,,
0,36,1296,3,1,,,,,,
0,36,1296,4,1,,,,,,
0,36,1296,2,6,,,,,,
0,36,1296,5,1,,,,,,
0,36,1296,3,1,,,,,,
0,36,1296,3,1,,,,,,
0,36,1296,2,6,,,,,,
0,36,1296,6,1,,,,,,
0,36,1296,3,4,,,,,,
0,36,1296,3,4,,,,,,
0,36,1296,4,1,,,,,,
0,36,1296,3,1,,,,,,
0,36,1296,5,1,,,,,,
0,36,1296,5,1,,,,,,
0,36,1296,5,1,,,,,,
0,36,1296,5,1,,,,,,
0,36,1296,3,2,,,,,,
0,36,1296,3,1,,,,,,
0,36,1296,3,1,,,,,,
0,36,1296,4,1,,,,,,
0,36,1296,5,2,,,,,,
0,36,1296,3,2,,,,,,
0,36,1296,6,1,,,,,,
0,36,1296,6,1,,,,,,
0,36,1296,4,1,,,,,,
0,36,1296,6,1,,,,,,
0,36,1296,6,1,,,,,,
0,36,1296,6,1,,,,,,
0,36,1296,5,1,,,,,,
0,36,1296,5,1,,,,,,
0,36,1296,3,6,,,,,,
0,36,1296,3,1,,,,,,
0,36,1296,3,1,,,,,,
0,36,1296,2,6,,,,,,
0,36,1296,3,1,,,,,,
0,36,1296,6,1,,,,,,
0,36,1296,3,1,,,,,,
0,36,1296,3,4,,,,,,
0,36,1296,6,1,,,,,,
0,36,1296,3,1,,,,,,
0,36,1296,2,2,,,,,,
0,36,1296,3,1,,,,,,
0,36,1296,6,1,,,,,,
0,36,1296,3,6,,,,,,
0,36,1296,3,1,,,,,,
0,36,1296,3,1,,,,,,
0,36,1296,3,1,,,,,,
0,36,1296,3,1,,,,,,
0,36,1296,6,1,,,,,,
0,36,1296,3,1,,,,,,
0,36,1296,3,6,,,,,,
0,37,1369,5,1,,,,,,
0,37,1369,3,2,,,,,,
0,37,1369,3,1,,,,,,
0,37,1369,3,1,,,,,,
0,37,1369,3,1,,,,,,
0,37,1369,6,6,,,,,,
0,37,1369,5,1,,,,,,
0,37,1369,6,1,,,,,,
0,37,1369,5,1,,,,,,
0,37,1369,3,1,,,,,,
0,37,1369,3,1,,,,,,
0,37,1369,3,1,,,,,,
0,37,1369,5,1,,,,,,
0,37,1369,3,1,,,,,,
0,37,1369,6,1,,,,,,
0,37,1369,6,1,,,,,,
0,37,1369,5,1,,,,,,
0,37,1369,3,1,,,,,,
0,37,1369,1,1,,,,,,
0,37,1369,5,1,,,,,,
0,37,1369,3,2,,,,,,
0,37,1369,3,2,,,,,,
0,37,1369,3,1,,,,,,
0,37,1369,3,1,,,,,,
0,37,1369,3,1,,,,,,
0,37,1369,3,1,,,,,,
0,37,1369,6,1,,,,,,
0,37,1369,3,1,,,,,,
0,37,1369,3,1,,,,,,
0,37,1369,3,1,,,,,,
0,37,1369,4,1,,,,,,
0,37,1369,5,1,,,,,,
0,37,1369,4,1,,,,,,
0,37,1369,4,1,,,,,,
0,37,1369,6,1,,,,,,
0,37,1369,6,1,,,,,,
0,37,1369,6,1,,,,,,
0,37,1369,3,1,,,,,,
0,37,1369,5,1,,,,,,
0,37,1369,3,1,,,,,,
0,37,1369,5,1,,,,,,
0,37,1369,3,1,,,,,,
0,37,1369,5,1,,,,,,
0,37,1369,6,1,,,,,,
0,37,1369,5,1,,,,,,
0,37,1369,6,1,,,,,,
0,37,1369,5,1,,,,,,
0,37,1369,3,6,,,,,,
0,37,1369,6,1,,,,,,
0,37,1369,6,1,,,,,,
0,37,1369,3,1,,,,,,
0,37,1369,6,1,,,,,,
0,37,1369,3,6,,,,,,
0,37,1369,3,1,,,,,,
0,37,1369,4,1,,,,,,
0,37,1369,3,6,,,,,,
0,37,1369,6,1,,,,,,
0,37,1369,7,1,,,,,,
0,37,1369,6,1,,,,,,
0,37,1369,6,1,,,,,,
0,37,1369,6,1,,,,,,
0,37,1369,6,1,,,,,,
0,37,1369,6,1,,,,,,
0,37,1369,7,1,,,,,,
0,37,1369,5,1,,,,,,
0,37,1369,5,1,,,,,,
0,37,1369,6,1,,,,,,
0,38,1444,5,1,,,,,,
0,38,1444,6,1,,,,,,
0,38,1444,6,1,,,,,,
0,38,1444,5,1,,,,,,
0,38,1444,7,1,,,,,,
0,38,1444,7,1,,,,,,
0,38,1444,3,6,,,,,,
0,38,1444,6,1,,,,,,
0,38,1444,3,1,,,,,,
0,38,1444,6,1,,,,,,
0,38,1444,5,1,,,,,,
0,38,1444,3,1,,,,,,
0,38,1444,6,1,,,,,,
0,38,1444,2,1,,,,,,
0,38,1444,3,1,,,,,,
0,38,1444,3,6,,,,,,
0,38,1444,5,1,,,,,,
0,38,1444,5,1,,,,,,
0,38,1444,5,1,,,,,,
0,38,1444,5,1,,,,,,
0,38,1444,5,1,,,,,,
0,38,1444,6,1,,,,,,
0,38,1444,4,1,,,,,,
0,38,1444,6,6,,,,,,
0,38,1444,5,6,,,,,,
0,38,1444,5,1,,,,,,
0,38,1444,4,1,,,,,,
0,38,1444,2,6,,,,,,
0,38,1444,4,1,,,,,,
0,38,1444,6,6,,,,,,
0,38,1444,4,1,,,,,,
0,38,1444,3,2,,,,,,
0,38,1444,2,2,,,,,,
0,38,1444,3,1,,,,,,
0,38,1444,6,1,,,,,,
0,38,1444,6,1,,,,,,
0,38,1444,3,1,,,,,,
0,38,1444,3,1,,,,,,
0,38,1444,4,1,,,,,,
0,38,1444,2,1,,,,,,
0,38,1444,3,1,,,,,,
0,38,1444,6,1,,,,,,
0,38,1444,3,1,,,,,,
0,38,1444,6,1,,,,,,
0,38,1444,6,1,,,,,,
0,38,1444,6,1,,,,,,
0,38,1444,1,6,,,,,,
0,38,1444,6,1,,,,,,
0,38,1444,6,1,,,,,,
0,38,1444,5,1,,,,,,
0,38,1444,4,1,,,,,,
0,38,1444,3,1,,,,,,
0,38,1444,3,1,,,,,,
0,38,1444,3,1,,,,,,
0,38,1444,2,1,,,,,,
0,39,1521,3,1,,,,,,
0,39,1521,3,1,,,,,,
0,39,1521,3,1,,,,,,
0,39,1521,3,1,,,,,,
0,39,1521,3,1,,,,,,
0,39,1521,3,1,,,,,,
0,39,1521,5,1,,,,,,
0,39,1521,6,1,,,,,,
0,39,1521,3,2,,,,,,
0,39,1521,3,1,,,,,,
0,39,1521,6,1,,,,,,
0,39,1521,3,2,,,,,,
0,39,1521,5,1,,,,,,
0,39,1521,6,1,,,,,,
0,39,1521,6,1,,,,,,
0,39,1521,3,1,,,,,,
0,39,1521,3,1,,,,,,
0,39,1521,6,1,,,,,,
0,39,1521,2,2,,,,,,
0,39,1521,5,1,,,,,,
0,39,1521,6,1,,,,,,
0,39,1521,3,1,,,,,,
0,39,1521,3,1,,,,,,
0,39,1521,3,1,,,,,,
0,39,1521,6,1,,,,,,
0,39,1521,3,6,,,,,,
0,39,1521,3,1,,,,,,
0,39,1521,5,1,,,,,,
0,39,1521,6,1,,,,,,
0,39,1521,2,1,,,,,,
0,39,1521,3,1,,,,,,
0,39,1521,6,1,,,,,,
0,39,1521,7,1,,,,,,
0,39,1521,3,1,,,,,,
0,39,1521,3,2,,,,,,
0,39,1521,6,1,,,,,,
0,39,1521,5,6,,,,,,
0,39,1521,3,2,,,,,,
0,39,1521,6,1,,,,,,
0,39,1521,3,1,,,,,,
0,39,1521,6,1,,,,,,
0,39,1521,5,1,,,,,,
0,39,1521,5,1,,,,,,
0,39,1521,3,2,,,,,,
0,39,1521,4,1,,,,,,
0,39,1521,6,1,,,,,,
0,39,1521,3,1,,,,,,
0,39,1521,2,1,,,,,,
0,39,1521,3,2,,,,,,
0,39,1521,3,1,,,,,,
0,39,1521,3,1,,,,,,
0,39,1521,3,6,,,,,,
0,39,1521,3,1,,,,,,
0,39,1521,6,1,,,,,,
0,39,1521,5,1,,,,,,
0,39,1521,1,4,,,,,,
0,39,1521,6,1,,,,,,
0,39,1521,2,1,,,,,,
0,39,1521,6,1,,,,,,
0,40,1600,6,1,,,,,,
0,40,1600,6,1,,,,,,
0,40,1600,5,1,,,,,,
0,40,1600,2,1,,,,,,
0,40,1600,3,2,,,,,,
0,40,1600,3,1,,,,,,
0,40,1600,6,1,,,,,,
0,40,1600,6,1,,,,,,
0,40,1600,5,1,,,,,,
0,40,1600,3,1,,,,,,
0,40,1600,5,1,,,,,,
0,40,1600,6,1,,,,,,
0,40,1600,5,1,,,,,,
0,40,1600,3,1,,,,,,
0,40,1600,3,1,,,,,,
0,40,1600,6,1,,,,,,
0,40,1600,4,1,,,,,,
0,40,1600,4,2,,,,,,
0,40,1600,4,1,,,,,,
0,40,1600,3,1,,,,,,
0,40,1600,2,2,,,,,,
0,40,1600,5,1,,,,,,
0,40,1600,6,1,,,,,,
0,40,1600,2,1,,,,,,
0,40,1600,3,2,,,,,,
0,40,1600,3,1,,,,,,
0,40,1600,6,1,,,,,,
0,40,1600,3,1,,,,,,
0,40,1600,4,1,,,,,,
0,40,1600,2,6,,,,,,
0,40,1600,3,1,,,,,,
0,40,1600,3,1,,,,,,
0,40,1600,6,1,,,,,,
0,40,1600,5,1,,,,,,
0,40,1600,3,3,,,,,,
0,40,1600,2,6,,,,,,
0,40,1600,6,1,,,,,,
0,40,1600,6,1,,,,,,
0,40,1600,3,1,,,,,,
0,40,1600,3,1,,,,,,
0,40,1600,6,1,,,,,,
0,40,1600,2,1,,,,,,
0,40,1600,5,6,,,,,,
0,40,1600,3,1,,,,,,
0,40,1600,6,1,,,,,,
0,40,1600,3,1,,,,,,
0,40,1600,5,1,,,,,,
0,40,1600,3,1,,,,,,
0,40,1600,3,1,,,,,,
0,40,1600,6,1,,,,,,
0,40,1600,4,1,,,,,,
0,40,1600,5,1,,,,,,
0,40,1600,3,1,,,,,,
0,40,1600,6,1,,,,,,
0,40,1600,3,1,,,,,,
0,40,1600,3,1,,,,,,
0,40,1600,4,1,,,,,,
0,40,1600,6,2,,,,,,
0,40,1600,6,1,,,,,,
0,40,1600,3,1,,,,,,
0,40,1600,3,2,,,,,,
0,40,1600,6,1,,,,,,
0,40,1600,6,1,,,,,,
0,40,1600,6,1,,,,,,
0,40,1600,6,1,,,,,,
0,40,1600,5,1,,,,,,
0,40,1600,6,1,,,,,,
0,40,1600,7,1,,,,,,
0,40,1600,6,1,,,,,,
0,41,1681,6,1,,,,,,
0,41,1681,2,4,,,,,,
0,41,1681,5,1,,,,,,
0,41,1681,6,1,,,,,,
0,41,1681,6,1,,,,,,
0,41,1681,2,6,,,,,,
0,41,1681,6,1,,,,,,
0,41,1681,5,1,,,,,,
0,41,1681,3,6,,,,,,
0,41,1681,4,1,,,,,,
0,41,1681,3,1,,,,,,
0,41,1681,5,1,,,,,,
0,41,1681,5,1,,,,,,
0,41,1681,3,1,,,,,,
0,41,1681,6,1,,,,,,
0,41,1681,3,1,,,,,,
0,41,1681,6,1,,,,,,
0,41,1681,5,1,,,,,,
0,41,1681,6,2,,,,,,
0,41,1681,3,1,,,,,,
0,41,1681,6,1,,,,,,
0,41,1681,6,3,,,,,,
0,41,1681,3,6,,,,,,
0,41,1681,4,1,,,,,,
0,41,1681,3,2,,,,,,
0,41,1681,4,2,,,,,,
0,41,1681,4,1,,,,,,
0,41,1681,4,1,,,,,,
0,41,1681,3,1,,,,,,
0,41,1681,3,1,,,,,,
0,41,1681,5,1,,,,,,
0,41,1681,3,1,,,,,,
0,41,1681,5,1,,,,,,
0,41,1681,4,1,,,,,,
0,41,1681,4,1,,,,,,
0,41,1681,6,2,,,,,,
0,41,1681,4,1,,,,,,
0,41,1681,3,1,,,,,,
0,41,1681,4,1,,,,,,
0,41,1681,4,1,,,,,,
0,41,1681,6,1,,,,,,
0,41,1681,3,1,,,,,,
0,41,1681,6,1,,,,,,
0,41,1681,6,1,,,,,,
0,41,1681,5,1,,,,,,
0,41,1681,5,1,,,,,,
0,41,1681,6,1,,,,,,
0,41,1681,3,1,,,,,,
0,41,1681,2,6,,,,,,
0,41,1681,6,1,,,,,,
0,41,1681,3,1,,,,,,
0,41,1681,3,1,,,,,,
0,41,1681,3,1,,,,,,
0,41,1681,6,1,,,,,,
0,41,1681,6,6,,,,,,
0,41,1681,5,1,,,,,,
0,41,1681,3,1,,,,,,
0,41,1681,7,1,,,,,,
0,41,1681,4,1,,,,,,
0,41,1681,6,1,,,,,,
0,41,1681,6,1,,,,,,
0,41,1681,7,1,,,,,,
0,41,1681,3,1,,,,,,
0,41,1681,3,1,,,,,,
0,41,1681,3,2,,,,,,
0,41,1681,6,1,,,,,,
0,41,1681,3,1,,,,,,
0,41,1681,7,1,,,,,,
0,41,1681,3,1,,,,,,
0,41,1681,3,1,,,,,,
0,41,1681,2,1,,,,,,
0,41,1681,3,1,,,,,,
0,41,1681,3,1,,,,,,
0,42,1764,3,1,,,,,,
0,42,1764,5,1,,,,,,
0,42,1764,3,1,,,,,,
0,42,1764,5,1,,,,,,
0,42,1764,6,1,,,,,,
0,42,1764,3,1,,,,,,
0,42,1764,6,1,,,,,,
0,42,1764,3,2,,,,,,
0,42,1764,5,1,,,,,,
0,42,1764,6,1,,,,,,
0,42,1764,3,1,,,,,,
0,42,1764,4,1,,,,,,
0,42,1764,3,1,,,,,,
0,42,1764,6,1,,,,,,
0,42,1764,6,1,,,,,,
0,42,1764,3,2,,,,,,
0,42,1764,6,1,,,,,,
0,42,1764,1,1,,,,,,
0,42,1764,6,1,,,,,,
0,42,1764,3,1,,,,,,
0,42,1764,6,1,,,,,,
0,42,1764,6,1,,,,,,
0,42,1764,6,1,,,,,,
0,42,1764,6,1,,,,,,
0,42,1764,5,1,,,,,,
0,42,1764,4,1,,,,,,
0,42,1764,3,1,,,,,,
0,42,1764,3,1,,,,,,
0,42,1764,5,1,,,,,,
0,42,1764,3,1,,,,,,
0,42,1764,5,1,,,,,,
0,42,1764,6,1,,,,,,
0,42,1764,3,1,,,,,,
0,42,1764,3,1,,,,,,
0,42,1764,6,1,,,,,,
0,42,1764,2,1,,,,,,
0,42,1764,4,1,,,,,,
0,42,1764,5,1,,,,,,
0,42,1764,7,1,,,,,,
0,42,1764,4,1,,,,,,
0,42,1764,6,1,,,,,,
0,42,1764,3,1,,,,,,
0,42,1764,2,1,,,,,,
0,42,1764,3,1,,,,,,
0,42,1764,3,1,,,,,,
0,42,1764,6,1,,,,,,
0,42,1764,6,1,,,,,,
0,42,1764,6,1,,,,,,
0,42,1764,5,1,,,,,,
0,42,1764,3,2,,,,,,
0,42,1764,6,1,,,,,,
0,42,1764,3,1,,,,,,
0,42,1764,6,1,,,,,,
0,42,1764,5,1,,,,,,
0,42,1764,6,1,,,,,,
0,42,1764,6,1,,,,,,
0,42,1764,3,2,,,,,,
0,42,1764,6,1,,,,,,
0,42,1764,3,1,,,,,,
0,42,1764,3,1,,,,,,
0,42,1764,6,1,,,,,,
0,42,1764,3,1,,,,,,
0,42,1764,6,1,,,,,,
0,42,1764,3,1,,,,,,
0,42,1764,7,1,,,,,,
0,42,1764,7,1,,,,,,
0,42,1764,3,1,,,,,,
0,42,1764,6,1,,,,,,
0,42,1764,5,1,,,,,,
0,42,1764,5,1,,,,,,
0,42,1764,3,1,,,,,,
0,42,1764,7,1,,,,,,
0,42,1764,2,1,,,,,,
0,42,1764,3,1,,,,,,
0,42,1764,3,1,,,,,,
0,42,1764,3,1,,,,,,
0,43,1849,3,1,,,,,,
0,43,1849,3,1,,,,,,
0,43,1849,4,1,,,,,,
0,43,1849,5,6,,,,,,
0,43,1849,5,1,,,,,,
0,43,1849,3,1,,,,,,
0,43,1849,3,1,,,,,,
0,43,1849,4,1,,,,,,
0,43,1849,6,1,,,,,,
0,43,1849,3,1,,,,,,
0,43,1849,3,1,,,,,,
0,43,1849,6,1,,,,,,
0,43,1849,5,2,,,,,,
0,43,1849,4,1,,,,,,
0,43,1849,4,1,,,,,,
0,43,1849,3,1,,,,,,
0,43,1849,6,1,,,,,,
0,43,1849,6,1,,,,,,
0,43,1849,6,1,,,,,,
0,43,1849,6,1,,,,,,
0,43,1849,2,2,,,,,,
0,43,1849,6,1,,,,,,
0,43,1849,5,1,,,,,,
0,43,1849,6,1,,,,,,
0,43,1849,4,1,,,,,,
0,43,1849,7,1,,,,,,
0,43,1849,5,1,,,,,,
0,43,1849,3,4,,,,,,
0,43,1849,3,1,,,,,,
0,43,1849,3,1,,,,,,
0,43,1849,6,1,,,,,,
0,43,1849,3,1,,,,,,
0,43,1849,6,1,,,,,,
0,43,1849,6,1,,,,,,
0,43,1849,6,1,,,,,,
0,43,1849,6,1,,,,,,
0,43,1849,5,1,,,,,,
0,43,1849,4,1,,,,,,
0,43,1849,5,1,,,,,,
0,43,1849,6,1,,,,,,
0,43,1849,6,1,,,,,,
0,43,1849,3,1,,,,,,
0,43,1849,3,4,,,,,,
0,43,1849,6,1,,,,,,
0,43,1849,3,1,,,,,,
0,43,1849,6,1,,,,,,
0,43,1849,7,1,,,,,,
0,43,1849,3,1,,,,,,
0,43,1849,7,1,,,,,,
0,43,1849,3,1,,,,,,
0,43,1849,6,1,,,,,,
0,43,1849,4,1,,,,,,
0,43,1849,6,1,,,,,,
0,43,1849,6,1,,,,,,
0,43,1849,5,1,,,,,,
0,43,1849,4,1,,,,,,
0,43,1849,3,2,,,,,,
0,43,1849,6,1,,,,,,
0,43,1849,6,1,,,,,,
0,43,1849,5,1,,,,,,
0,43,1849,3,1,,,,,,
0,43,1849,3,1,,,,,,
0,44,1936,3,1,,,,,,
0,44,1936,7,1,,,,,,
0,44,1936,3,1,,,,,,
0,44,1936,5,1,,,,,,
0,44,1936,5,1,,,,,,
0,44,1936,4,1,,,,,,
0,44,1936,3,1,,,,,,
0,44,1936,6,1,,,,,,
0,44,1936,3,1,,,,,,
0,44,1936,3,1,,,,,,
0,44,1936,6,1,,,,,,
0,44,1936,6,1,,,,,,
0,44,1936,6,1,,,,,,
0,44,1936,6,1,,,,,,
0,44,1936,3,1,,,,,,
0,44,1936,6,1,,,,,,
0,44,1936,6,1,,,,,,
0,44,1936,6,1,,,,,,
0,44,1936,2,1,,,,,,
0,44,1936,3,1,,,,,,
0,44,1936,6,1,,,,,,
0,44,1936,6,1,,,,,,
0,44,1936,6,1,,,,,,
0,44,1936,3,1,,,,,,
0,44,1936,3,1,,,,,,
0,44,1936,3,1,,,,,,
0,44,1936,6,1,,,,,,
0,44,1936,3,4,,,,,,
0,44,1936,4,1,,,,,,
0,44,1936,5,1,,,,,,
0,44,1936,3,1,,,,,,
0,44,1936,6,1,,,,,,
0,44,1936,3,1,,,,,,
0,44,1936,6,1,,,,,,
0,44,1936,6,1,,,,,,
0,44,1936,3,1,,,,,,
0,44,1936,3,1,,,,,,
0,44,1936,5,1,,,,,,
0,44,1936,3,2,,,,,,
0,44,1936,3,1,,,,,,
0,44,1936,3,1,,,,,,
0,44,1936,6,1,,,,,,
0,44,1936,3,1,,,,,,
0,44,1936,6,1,,,,,,
0,44,1936,6,1,,,,,,
0,44,1936,5,1,,,,,,
0,44,1936,6,1,,,,,,
0,44,1936,3,1,,,,,,
0,44,1936,5,1,,,,,,
0,44,1936,4,1,,,,,,
0,44,1936,3,1,,,,,,
0,44,1936,3,1,,,,,,
0,44,1936,3,1,,,,,,
0,44,1936,6,1,,,,,,
0,44,1936,3,1,,,,,,
0,44,1936,5,1,,,,,,
0,44,1936,4,1,,,,,,
0,44,1936,3,1,,,,,,
0,44,1936,6,1,,,,,,
0,44,1936,5,1,,,,,,
0,44,1936,3,1,,,,,,
0,44,1936,3,1,,,,,,
0,44,1936,2,6,,,,,,
0,44,1936,6,1,,,,,,
0,44,1936,3,6,,,,,,
0,44,1936,3,1,,,,,,
0,44,1936,6,1,,,,,,
0,44,1936,2,1,,,,,,
0,44,1936,5,1,,,,,,
0,44,1936,3,1,,,,,,
0,44,1936,3,1,,,,,,
0,44,1936,3,1,,,,,,
0,44,1936,6,1,,,,,,
0,44,1936,3,3,,,,,,
0,44,1936,6,2,,,,,,
0,45,2025,6,1,,,,,,
0,45,2025,5,1,,,,,,
0,45,2025,6,1,,,,,,
0,45,2025,4,1,,,,,,
0,45,2025,6,1,,,,,,
0,45,2025,5,1,,,,,,
0,45,2025,7,1,,,,,,
0,45,2025,4,1,,,,,,
0,45,2025,3,1,,,,,,
0,45,2025,6,1,,,,,,
0,45,2025,1,2,,,,,,
0,45,2025,6,1,,,,,,
0,45,2025,2,1,,,,,,
0,45,2025,5,1,,,,,,
0,45,2025,2,1,,,,,,
0,45,2025,5,1,,,,,,
0,45,2025,3,1,,,,,,
0,45,2025,3,1,,,,,,
0,45,2025,3,1,,,,,,
0,45,2025,3,1,,,,,,
0,45,2025,3,1,,,,,,
0,45,2025,6,1,,,,,,
0,45,2025,5,1,,,,,,
0,45,2025,2,1,,,,,,
0,45,2025,3,1,,,,,,
0,45,2025,3,2,,,,,,
0,45,2025,3,1,,,,,,
0,45,2025,2,6,,,,,,
0,45,2025,2,1,,,,,,
0,45,2025,3,1,,,,,,
0,45,2025,2,1,,,,,,
0,45,2025,3,1,,,,,,
0,45,2025,7,1,,,,,,
0,45,2025,6,1,,,,,,
0,45,2025,3,1,,,,,,
0,45,2025,6,1,,,,,,
0,45,2025,6,1,,,,,,
0,45,2025,3,1,,,,,,
0,45,2025,6,1,,,,,,
0,45,2025,3,1,,,,,,
0,45,2025,3,1,,,,,,
0,45,2025,6,1,,,,,,
0,45,2025,5,1,,,,,,
0,45,2025,3,1,,,,,,
0,45,2025,3,1,,,,,,
0,45,2025,5,1,,,,,,
0,45,2025,2,6,,,,,,
0,45,2025,7,1,,,,,,
0,45,2025,6,1,,,,,,
0,45,2025,3,1,,,,,,
0,45,2025,3,1,,,,,,
0,45,2025,4,1,,,,,,
0,45,2025,6,1,,,,,,
0,45,2025,6,1,,,,,,
0,45,2025,4,1,,,,,,
0,45,2025,5,1,,,,,,
0,45,2025,7,1,,,,,,
0,45,2025,3,1,,,,,,
0,45,2025,3,1,,,,,,
0,45,2025,3,1,,,,,,
0,45,2025,6,1,,,,,,
0,45,2025,3,1,,,,,,
0,45,2025,6,1,,,,,,
0,45,2025,6,1,,,,,,
0,45,2025,3,1,,,,,,
0,45,2025,6,1,,,,,,
0,45,2025,3,6,,,,,,
0,45,2025,3,1,,,,,,
0,45,2025,5,1,,,,,,
0,46,2116,5,1,,,,,,
0,46,2116,6,1,,,,,,
0,46,2116,3,1,,,,,,
0,46,2116,4,2,,,,,,
0,46,2116,3,1,,,,,,
0,46,2116,4,1,,,,,,
0,46,2116,4,1,,,,,,
0,46,2116,6,1,,,,,,
0,46,2116,3,1,,,,,,
0,46,2116,3,1,,,,,,
0,46,2116,2,1,,,,,,
0,46,2116,6,1,,,,,,
0,46,2116,6,1,,,,,,
0,46,2116,3,1,,,,,,
0,46,2116,6,1,,,,,,
0,46,2116,6,1,,,,,,
0,46,2116,2,1,,,,,,
0,46,2116,3,1,,,,,,
0,46,2116,6,1,,,,,,
0,46,2116,6,1,,,,,,
0,46,2116,3,1,,,,,,
0,46,2116,5,1,,,,,,
0,46,2116,3,1,,,,,,
0,46,2116,3,1,,,,,,
0,46,2116,3,1,,,,,,
0,46,2116,4,1,,,,,,
0,46,2116,3,1,,,,,,
0,46,2116,7,1,,,,,,
0,46,2116,3,1,,,,,,
0,46,2116,6,1,,,,,,
0,46,2116,6,1,,,,,,
0,46,2116,3,1,,,,,,
0,46,2116,3,1,,,,,,
0,46,2116,3,1,,,,,,
0,46,2116,5,1,,,,,,
0,46,2116,6,1,,,,,,
0,46,2116,3,1,,,,,,
0,46,2116,4,1,,,,,,
0,46,2116,4,1,,,,,,
0,46,2116,3,1,,,,,,
0,46,2116,3,1,,,,,,
0,46,2116,2,1,,,,,,
0,46,2116,6,1,,,,,,
0,46,2116,3,1,,,,,,
0,46,2116,3,1,,,,,,
0,46,2116,3,1,,,,,,
0,46,2116,3,1,,,,,,
0,46,2116,3,2,,,,,,
0,46,2116,3,1,,,,,,
0,46,2116,4,1,,,,,,
0,46,2116,2,1,,,,,,
0,46,2116,6,1,,,,,,
0,46,2116,3,1,,,,,,
0,46,2116,6,1,,,,,,
0,46,2116,4,1,,,,,,
0,46,2116,3,1,,,,,,
0,46,2116,5,1,,,,,,
0,46,2116,3,1,,,,,,
0,46,2116,3,3,,,,,,
0,46,2116,6,1,,,,,,
0,46,2116,3,1,,,,,,
0,46,2116,6,1,,,,,,
0,46,2116,3,1,,,,,,
0,46,2116,7,1,,,,,,
0,46,2116,7,1,,,,,,
0,46,2116,4,1,,,,,,
0,46,2116,3,1,,,,,,
0,46,2116,7,1,,,,,,
0,46,2116,6,1,,,,,,
0,46,2116,5,1,,,,,,
0,46,2116,6,1,,,,,,
0,46,2116,3,1,,,,,,
0,46,2116,6,1,,,,,,
0,46,2116,3,1,,,,,,
0,46,2116,3,1,,,,,,
0,46,2116,6,1,,,,,,
0,47,2209,5,1,,,,,,
0,47,2209,3,1,,,,,,
0,47,2209,3,2,,,,,,
0,47,2209,3,1,,,,,,
0,47,2209,1,6,,,,,,
0,47,2209,3,1,,,,,,
0,47,2209,6,1,,,,,,
0,47,2209,2,1,,,,,,
0,47,2209,2,1,,,,,,
0,47,2209,5,1,,,,,,
0,47,2209,4,1,,,,,,
0,47,2209,5,1,,,,,,
0,47,2209,5,1,,,,,,
0,47,2209,6,6,,,,,,
0,47,2209,5,2,,,,,,
0,47,2209,7,1,,,,,,
0,47,2209,3,1,,,,,,
0,47,2209,6,1,,,,,,
0,47,2209,6,1,,,,,,
0,47,2209,3,1,,,,,,
0,47,2209,6,1,,,,,,
0,47,2209,3,1,,,,,,
0,47,2209,3,1,,,,,,
0,47,2209,6,1,,,,,,
0,47,2209,3,1,,,,,,
0,47,2209,3,1,,,,,,
0,47,2209,3,1,,,,,,
0,47,2209,4,1,,,,,,
0,47,2209,7,1,,,,,,
0,47,2209,1,4,,,,,,
0,47,2209,6,1,,,,,,
0,47,2209,6,1,,,,,,
0,47,2209,3,1,,,,,,
0,47,2209,3,1,,,,,,
0,47,2209,6,1,,,,,,
0,47,2209,3,1,,,,,,
0,47,2209,4,1,,,,,,
0,47,2209,3,1,,,,,,
0,47,2209,7,1,,,,,,
0,47,2209,7,1,,,,,,
0,47,2209,3,1,,,,,,
0,47,2209,3,1,,,,,,
0,47,2209,2,6,,,,,,
0,47,2209,6,1,,,,,,
0,47,2209,6,1,,,,,,
0,47,2209,2,1,,,,,,
0,47,2209,3,1,,,,,,
0,47,2209,3,2,,,,,,
0,47,2209,4,1,,,,,,
0,47,2209,1,3,,,,,,
0,47,2209,3,1,,,,,,
0,47,2209,6,1,,,,,,
0,47,2209,3,1,,,,,,
0,47,2209,2,1,,,,,,
0,47,2209,6,1,,,,,,
0,47,2209,6,1,,,,,,
0,47,2209,6,1,,,,,,
0,47,2209,6,1,,,,,,
0,47,2209,5,1,,,,,,
0,47,2209,3,1,,,,,,
0,47,2209,3,1,,,,,,
0,47,2209,3,1,,,,,,
0,47,2209,6,1,,,,,,
0,47,2209,3,1,,,,,,
0,48,2304,3,1,,,,,,
0,48,2304,3,1,,,,,,
0,48,2304,3,1,,,,,,
0,48,2304,2,1,,,,,,
0,48,2304,4,1,,,,,,
0,48,2304,6,1,,,,,,
0,48,2304,3,1,,,,,,
0,48,2304,3,1,,,,,,
0,48,2304,3,1,,,,,,
0,48,2304,4,1,,,,,,
0,48,2304,3,1,,,,,,
0,48,2304,5,1,,,,,,
0,48,2304,6,1,,,,,,
0,48,2304,6,1,,,,,,
0,48,2304,7,1,,,,,,
0,48,2304,3,1,,,,,,
0,48,2304,4,1,,,,,,
0,48,2304,3,1,,,,,,
0,48,2304,3,1,,,,,,
0,48,2304,7,1,,,,,,
0,48,2304,2,1,,,,,,
0,48,2304,3,1,,,,,,
0,48,2304,3,1,,,,,,
0,48,2304,7,1,,,,,,
0,48,2304,6,1,,,,,,
0,48,2304,3,1,,,,,,
0,48,2304,3,1,,,,,,
0,48,2304,3,3,,,,,,
0,48,2304,3,6,,,,,,
0,48,2304,6,1,,,,,,
0,48,2304,3,1,,,,,,
0,48,2304,3,1,,,,,,
0,48,2304,6,1,,,,,,
0,48,2304,3,1,,,,,,
0,48,2304,3,2,,,,,,
0,48,2304,2,1,,,,,,
0,48,2304,6,1,,,,,,
0,48,2304,3,1,,,,,,
0,48,2304,3,1,,,,,,
0,48,2304,5,1,,,,,,
0,48,2304,6,1,,,,,,
0,48,2304,3,1,,,,,,
0,48,2304,6,1,,,,,,
0,48,2304,3,1,,,,,,
0,48,2304,3,2,,,,,,
0,48,2304,3,1,,,,,,
0,48,2304,3,1,,,,,,
0,48,2304,4,1,,,,,,
0,48,2304,3,1,,,,,,
0,48,2304,6,1,,,,,,
0,48,2304,6,1,,,,,,
0,48,2304,5,1,,,,,,
0,48,2304,3,6,,,,,,
0,48,2304,5,1,,,,,,
0,48,2304,2,1,,,,,,
0,48,2304,6,1,,,,,,
0,48,2304,3,1,,,,,,
0,48,2304,3,1,,,,,,
0,48,2304,6,1,,,,,,
0,48,2304,2,6,,,,,,
0,48,2304,6,1,,,,,,
0,48,2304,3,1,,,,,,
0,48,2304,3,1,,,,,,
0,48,2304,3,1,,,,,,
0,48,2304,6,1,,,,,,
0,48,2304,3,2,,,,,,
0,48,2304,3,1,,,,,,
0,48,2304,2,1,,,,,,
0,48,2304,6,1,,,,,,
0,48,2304,3,1,,,,,,
0,48,2304,3,1,,,,,,
0,48,2304,3,2,,,,,,
0,48,2304,6,1,,,,,,
0,48,2304,7,1,,,,,,
0,48,2304,3,1,,,,,,
0,48,2304,5,1,,,,,,
0,48,2304,6,1,,,,,,
0,48,2304,3,1,,,,,,
0,48,2304,2,6,,,,,,
0,48,2304,4,1,,,,,,
0,48,2304,2,6,,,,,,
0,48,2304,3,1,,,,,,
0,48,2304,3,1,,,,,,
0,48,2304,5,1,,,,,,
0,48,2304,3,1,,,,,,
0,48,2304,3,1,,,,,,
0,49,2401,4,1,,,,,,
0,49,2401,3,1,,,,,,
0,49,2401,5,1,,,,,,
0,49,2401,6,1,,,,,,
0,49,2401,1,4,,,,,,
0,49,2401,6,1,,,,,,
0,49,2401,3,1,,,,,,
0,49,2401,6,1,,,,,,
0,49,2401,3,1,,,,,,
0,49,2401,4,1,,,,,,
0,49,2401,5,1,,,,,,
0,49,2401,3,1,,,,,,
0,49,2401,6,1,,,,,,
0,49,2401,3,1,,,,,,
0,49,2401,4,1,,,,,,
0,49,2401,4,1,,,,,,
0,49,2401,3,1,,,,,,
0,49,2401,3,2,,,,,,
0,49,2401,3,1,,,,,,
0,49,2401,3,1,,,,,,
0,49,2401,3,1,,,,,,
0,49,2401,3,1,,,,,,
0,49,2401,3,1,,,,,,
0,49,2401,6,1,,,,,,
0,49,2401,7,1,,,,,,
0,49,2401,6,1,,,,,,
0,49,2401,7,1,,,,,,
0,49,2401,5,1,,,,,,
0,49,2401,3,1,,,,,,
0,49,2401,3,1,,,,,,
0,49,2401,3,1,,,,,,
0,49,2401,4,1,,,,,,
0,49,2401,3,1,,,,,,
0,49,2401,4,1,,,,,,
0,49,2401,3,1,,,,,,
0,49,2401,6,1,,,,,,
0,49,2401,6,1,,,,,,
0,49,2401,3,1,,,,,,
0,49,2401,3,1,,,,,,
0,49,2401,3,1,,,,,,
0,49,2401,3,1,,,,,,
0,49,2401,3,1,,,,,,
0,49,2401,7,1,,,,,,
0,49,2401,3,1,,,,,,
0,49,2401,3,1,,,,,,
0,49,2401,4,1,,,,,,
0,49,2401,5,1,,,,,,
0,49,2401,6,1,,,,,,
0,49,2401,3,1,,,,,,
0,49,2401,3,1,,,,,,
0,49,2401,3,1,,,,,,
0,49,2401,6,1,,,,,,
0,49,2401,6,1,,,,,,
0,49,2401,3,1,,,,,,
0,49,2401,3,1,,,,,,
0,49,2401,3,1,,,,,,
0,49,2401,6,1,,,,,,
0,49,2401,4,1,,,,,,
0,49,2401,3,1,,,,,,
0,49,2401,3,6,,,,,,
0,49,2401,3,1,,,,,,
0,49,2401,3,2,,,,,,
0,49,2401,3,1,,,,,,
0,49,2401,3,1,,,,,,
0,49,2401,3,1,,,,,,
0,49,2401,6,1,,,,,,
0,49,2401,5,1,,,,,,
0,49,2401,2,1,,,,,,
0,49,2401,7,1,,,,,,
0,49,2401,6,1,,,,,,
0,49,2401,3,1,,,,,,
0,49,2401,5,1,,,,,,
0,50,2500,3,1,,,,,,
0,50,2500,2,2,,,,,,
0,50,2500,6,1,,,,,,
0,50,2500,6,1,,,,,,
0,50,2500,3,1,,,,,,
0,50,2500,6,1,,,,,,
0,50,2500,4,1,,,,,,
0,50,2500,7,1,,,,,,
0,50,2500,3,1,,,,,,
0,50,2500,3,1,,,,,,
0,50,2500,6,1,,,,,,
0,50,2500,3,1,,,,,,
0,50,2500,3,1,,,,,,
0,50,2500,6,1,,,,,,
0,50,2500,5,1,,,,,,
0,50,2500,7,1,,,,,,
0,50,2500,3,1,,,,,,
0,50,2500,6,1,,,,,,
0,50,2500,3,1,,,,,,
0,50,2500,2,1,,,,,,
0,50,2500,6,1,,,,,,
0,50,2500,7,1,,,,,,
0,50,2500,7,1,,,,,,
0,50,2500,3,1,,,,,,
0,50,2500,4,1,,,,,,
0,50,2500,3,1,,,,,,
0,50,2500,4,1,,,,,,
0,50,2500,3,1,,,,,,
0,50,2500,6,2,,,,,,
0,50,2500,6,1,,,,,,
0,50,2500,3,1,,,,,,
0,50,2500,6,1,,,,,,
0,50,2500,4,1,,,,,,
0,50,2500,5,1,,,,,,
0,50,2500,3,2,,,,,,
0,50,2500,3,1,,,,,,
0,50,2500,3,1,,,,,,
0,50,2500,2,2,,,,,,
0,50,2500,7,1,,,,,,
0,50,2500,3,1,,,,,,
0,50,2500,3,1,,,,,,
0,50,2500,3,2,,,,,,
0,50,2500,2,1,,,,,,
0,50,2500,3,1,,,,,,
0,50,2500,3,1,,,,,,
0,50,2500,6,1,,,,,,
0,50,2500,4,1,,,,,,
0,50,2500,6,1,,,,,,
0,50,2500,3,1,,,,,,
0,50,2500,2,1,,,,,,
0,50,2500,6,1,,,,,,
0,50,2500,5,1,,,,,,
0,50,2500,2,1,,,,,,
0,50,2500,3,1,,,,,,
0,50,2500,3,1,,,,,,
0,50,2500,2,1,,,,,,
0,50,2500,5,1,,,,,,
0,50,2500,3,2,,,,,,
0,50,2500,3,1,,,,,,
0,50,2500,3,1,,,,,,
0,50,2500,6,1,,,,,,
0,50,2500,3,1,,,,,,
0,50,2500,3,1,,,,,,
0,50,2500,6,1,,,,,,
0,50,2500,6,1,,,,,,
0,50,2500,6,1,,,,,,
0,50,2500,3,1,,,,,,
0,50,2500,3,1,,,,,,
0,50,2500,3,1,,,,,,
0,50,2500,6,6,,,,,,
0,50,2500,3,1,,,,,,
0,50,2500,5,1,,,,,,
0,50,2500,6,1,,,,,,
0,50,2500,6,1,,,,,,
0,50,2500,3,1,,,,,,
0,51,2601,3,1,,,,,,
0,51,2601,3,1,,,,,,
0,51,2601,3,1,,,,,,
0,51,2601,4,1,,,,,,
0,51,2601,6,1,,,,,,
0,51,2601,5,1,,,,,,
0,51,2601,5,1,,,,,,
0,51,2601,4,1,,,,,,
0,51,2601,3,1,,,,,,
0,51,2601,2,2,,,,,,
0,51,2601,3,1,,,,,,
0,51,2601,3,1,,,,,,
0,51,2601,6,1,,,,,,
0,51,2601,3,1,,,,,,
0,51,2601,5,1,,,,,,
0,51,2601,3,1,,,,,,
0,51,2601,4,1,,,,,,
0,51,2601,5,1,,,,,,
0,51,2601,6,1,,,,,,
0,51,2601,5,1,,,,,,
0,51,2601,3,6,,,,,,
0,51,2601,3,1,,,,,,
0,51,2601,2,1,,,,,,
0,51,2601,5,1,,,,,,
0,51,2601,3,1,,,,,,
0,51,2601,2,1,,,,,,
0,51,2601,4,1,,,,,,
0,51,2601,3,1,,,,,,
0,51,2601,6,1,,,,,,
0,51,2601,3,1,,,,,,
0,51,2601,4,1,,,,,,
0,51,2601,3,1,,,,,,
0,51,2601,3,1,,,,,,
0,51,2601,2,6,,,,,,
0,51,2601,3,1,,,,,,
0,51,2601,3,2,,,,,,
0,51,2601,4,1,,,,,,
0,51,2601,4,2,,,,,,
0,51,2601,3,1,,,,,,
0,51,2601,3,1,,,,,,
0,51,2601,3,1,,,,,,
0,51,2601,3,3,,,,,,
0,51,2601,3,1,,,,,,
0,51,2601,6,1,,,,,,
0,51,2601,3,1,,,,,,
0,51,2601,6,1,,,,,,
0,51,2601,3,1,,,,,,
0,51,2601,3,1,,,,,,
0,51,2601,6,1,,,,,,
0,51,2601,3,1,,,,,,
0,51,2601,3,1,,,,,,
0,51,2601,3,1,,,,,,
0,51,2601,6,1,,,,,,
0,51,2601,6,1,,,,,,
0,51,2601,6,1,,,,,,
0,51,2601,4,1,,,,,,
0,51,2601,2,6,,,,,,
0,51,2601,6,1,,,,,,
0,51,2601,5,1,,,,,,
0,51,2601,6,1,,,,,,
0,51,2601,3,1,,,,,,
0,51,2601,3,1,,,,,,
0,52,2704,6,1,,,,,,
0,52,2704,2,1,,,,,,
0,52,2704,3,1,,,,,,
0,52,2704,3,1,,,,,,
0,52,2704,2,3,,,,,,
0,52,2704,3,1,,,,,,
0,52,2704,6,1,,,,,,
0,52,2704,3,3,,,,,,
0,52,2704,7,1,,,,,,
0,52,2704,2,1,,,,,,
0,52,2704,6,1,,,,,,
0,52,2704,3,1,,,,,,
0,52,2704,6,1,,,,,,
0,52,2704,3,1,,,,,,
0,52,2704,6,1,,,,,,
0,52,2704,3,1,,,,,,
0,52,2704,6,1,,,,,,
0,52,2704,3,1,,,,,,
0,52,2704,6,1,,,,,,
0,52,2704,3,1,,,,,,
0,52,2704,2,1,,,,,,
0,52,2704,3,1,,,,,,
0,52,2704,3,2,,,,,,
0,52,2704,3,1,,,,,,
0,52,2704,6,1,,,,,,
0,52,2704,2,1,,,,,,
0,52,2704,2,1,,,,,,
0,52,2704,6,1,,,,,,
0,52,2704,3,1,,,,,,
0,52,2704,6,1,,,,,,
0,52,2704,3,2,,,,,,
0,52,2704,5,1,,,,,,
0,52,2704,3,1,,,,,,
0,52,2704,3,1,,,,,,
0,52,2704,3,1,,,,,,
0,52,2704,2,1,,,,,,
0,52,2704,2,3,,,,,,
0,52,2704,2,1,,,,,,
0,52,2704,6,1,,,,,,
0,52,2704,6,1,,,,,,
0,52,2704,6,1,,,,,,
0,52,2704,2,1,,,,,,
0,52,2704,4,1,,,,,,
0,52,2704,4,3,,,,,,
0,52,2704,6,1,,,,,,
0,52,2704,6,1,,,,,,
0,52,2704,6,1,,,,,,
0,52,2704,4,1,,,,,,
0,52,2704,3,1,,,,,,
0,52,2704,3,1,,,,,,
0,52,2704,7,1,,,,,,
0,52,2704,2,1,,,,,,
0,52,2704,6,2,,,,,,
0,52,2704,3,2,,,,,,
0,52,2704,3,1,,,,,,
0,52,2704,6,1,,,,,,
0,52,2704,4,1,,,,,,
0,52,2704,3,1,,,,,,
0,52,2704,2,1,,,,,,
0,52,2704,4,1,,,,,,
0,52,2704,4,1,,,,,,
0,52,2704,2,1,,,,,,
0,52,2704,3,1,,,,,,
0,52,2704,3,1,,,,,,
0,52,2704,6,1,,,,,,
0,52,2704,6,1,,,,,,
0,52,2704,7,1,,,,,,
0,52,2704,7,1,,,,,,
0,52,2704,3,2,,,,,,
0,52,2704,3,1,,,,,,
0,52,2704,6,1,,,,,,
0,52,2704,4,1,,,,,,
0,52,2704,3,1,,,,,,
0,52,2704,3,1,,,,,,
0,52,2704,3,1,,,,,,
0,52,2704,3,1,,,,,,
0,52,2704,5,1,,,,,,
0,52,2704,2,1,,,,,,
0,52,2704,2,2,,,,,,
0,52,2704,5,6,,,,,,
0,53,2809,3,1,,,,,,
0,53,2809,3,1,,,,,,
0,53,2809,5,1,,,,,,
0,53,2809,3,1,,,,,,
0,53,2809,3,1,,,,,,
0,53,2809,6,1,,,,,,
0,53,2809,3,1,,,,,,
0,53,2809,4,1,,,,,,
0,53,2809,2,2,,,,,,
0,53,2809,3,1,,,,,,
0,53,2809,4,1,,,,,,
0,53,2809,2,1,,,,,,
0,53,2809,2,6,,,,,,
0,53,2809,3,1,,,,,,
0,53,2809,3,1,,,,,,
0,53,2809,3,1,,,,,,
0,53,2809,4,1,,,,,,
0,53,2809,1,6,,,,,,
0,53,2809,5,1,,,,,,
0,53,2809,3,1,,,,,,
0,53,2809,3,1,,,,,,
0,53,2809,2,1,,,,,,
0,53,2809,3,1,,,,,,
0,53,2809,2,3,,,,,,
0,53,2809,3,1,,,,,,
0,53,2809,6,1,,,,,,
0,53,2809,2,2,,,,,,
0,53,2809,3,1,,,,,,
0,53,2809,1,1,,,,,,
0,53,2809,3,1,,,,,,
0,53,2809,3,1,,,,,,
0,53,2809,5,1,,,,,,
0,53,2809,4,1,,,,,,
0,53,2809,2,6,,,,,,
0,53,2809,3,1,,,,,,
0,53,2809,3,1,,,,,,
0,53,2809,3,1,,,,,,
0,53,2809,3,1,,,,,,
0,53,2809,7,1,,,,,,
0,53,2809,3,1,,,,,,
0,53,2809,3,1,,,,,,
0,53,2809,2,1,,,,,,
0,53,2809,3,1,,,,,,
0,53,2809,6,1,,,,,,
0,53,2809,3,1,,,,,,
0,53,2809,5,1,,,,,,
0,53,2809,3,1,,,,,,
0,53,2809,6,1,,,,,,
0,53,2809,3,1,,,,,,
0,53,2809,6,1,,,,,,
0,53,2809,6,2,,,,,,
0,53,2809,3,1,,,,,,
0,53,2809,6,1,,,,,,
0,53,2809,3,1,,,,,,
0,53,2809,6,1,,,,,,
0,53,2809,3,1,,,,,,
0,53,2809,3,1,,,,,,
0,53,2809,3,1,,,,,,
0,53,2809,3,1,,,,,,
0,53,2809,3,1,,,,,,
0,53,2809,1,6,,,,,,
0,53,2809,2,1,,,,,,
0,53,2809,3,1,,,,,,
0,53,2809,2,1,,,,,,
0,53,2809,3,1,,,,,,
0,53,2809,6,1,,,,,,
0,53,2809,2,3,,,,,,
0,53,2809,6,1,,,,,,
0,53,2809,3,1,,,,,,
0,53,2809,3,1,,,,,,
0,53,2809,7,1,,,,,,
0,53,2809,6,1,,,,,,
0,54,2916,3,1,,,,,,
0,54,2916,2,1,,,,,,
0,54,2916,2,1,,,,,,
0,54,2916,3,1,,,,,,
0,54,2916,4,1,,,,,,
0,54,2916,3,2,,,,,,
0,54,2916,3,1,,,,,,
0,54,2916,4,2,,,,,,
0,54,2916,3,1,,,,,,
0,54,2916,6,1,,,,,,
0,54,2916,6,1,,,,,,
0,54,2916,3,1,,,,,,
0,54,2916,5,1,,,,,,
0,54,2916,4,1,,,,,,
0,54,2916,3,1,,,,,,
0,54,2916,6,1,,,,,,
0,54,2916,3,1,,,,,,
0,54,2916,6,1,,,,,,
0,54,2916,2,1,,,,,,
0,54,2916,3,3,,,,,,
0,54,2916,3,1,,,,,,
0,54,2916,3,1,,,,,,
0,54,2916,4,6,,,,,,
0,54,2916,3,1,,,,,,
0,54,2916,7,1,,,,,,
0,54,2916,3,1,,,,,,
0,54,2916,3,1,,,,,,
0,54,2916,3,1,,,,,,
0,54,2916,3,1,,,,,,
0,54,2916,3,1,,,,,,
0,54,2916,3,1,,,,,,
0,54,2916,3,1,,,,,,
0,54,2916,3,1,,,,,,
0,54,2916,3,1,,,,,,
0,54,2916,3,3,,,,,,
0,54,2916,4,1,,,,,,
0,54,2916,2,6,,,,,,
0,54,2916,3,1,,,,,,
0,54,2916,3,1,,,,,,
0,54,2916,4,2,,,,,,
0,54,2916,4,1,,,,,,
0,54,2916,5,1,,,,,,
0,54,2916,3,1,,,,,,
0,54,2916,5,1,,,,,,
0,54,2916,4,2,,,,,,
0,54,2916,6,1,,,,,,
0,54,2916,6,1,,,,,,
0,54,2916,6,1,,,,,,
0,54,2916,4,1,,,,,,
0,54,2916,3,1,,,,,,
0,54,2916,3,1,,,,,,
0,54,2916,2,1,,,,,,
0,54,2916,6,1,,,,,,
0,54,2916,5,1,,,,,,
0,54,2916,3,1,,,,,,
0,54,2916,3,1,,,,,,
0,54,2916,3,1,,,,,,
0,54,2916,3,6,,,,,,
0,54,2916,3,1,,,,,,
0,54,2916,6,1,,,,,,
0,54,2916,4,1,,,,,,
0,54,2916,3,1,,,,,,
0,55,3025,2,2,,,,,,
0,55,3025,4,1,,,,,,
0,55,3025,3,1,,,,,,
0,55,3025,4,3,,,,,,
0,55,3025,3,6,,,,,,
0,55,3025,5,1,,,,,,
0,55,3025,3,1,,,,,,
0,55,3025,7,1,,,,,,
0,55,3025,2,1,,,,,,
0,55,3025,3,1,,,,,,
0,55,3025,6,1,,,,,,
0,55,3025,3,4,,,,,,
0,55,3025,7,1,,,,,,
0,55,3025,2,1,,,,,,
0,55,3025,3,1,,,,,,
0,55,3025,6,1,,,,,,
0,55,3025,6,1,,,,,,
0,55,3025,3,1,,,,,,
0,55,3025,2,1,,,,,,
0,55,3025,7,1,,,,,,
0,55,3025,7,1,,,,,,
0,55,3025,2,6,,,,,,
0,55,3025,3,1,,,,,,
0,55,3025,3,1,,,,,,
0,55,3025,3,1,,,,,,
0,55,3025,3,1,,,,,,
0,55,3025,6,1,,,,,,
0,55,3025,2,4,,,,,,
0,55,3025,3,1,,,,,,
0,55,3025,6,1,,,,,,
0,55,3025,2,1,,,,,,
0,55,3025,6,1,,,,,,
0,55,3025,3,1,,,,,,
0,55,3025,3,1,,,,,,
0,55,3025,3,1,,,,,,
0,55,3025,2,4,,,,,,
0,55,3025,3,1,,,,,,
0,55,3025,5,1,,,,,,
0,55,3025,4,1,,,,,,
0,55,3025,6,1,,,,,,
0,55,3025,3,3,,,,,,
0,55,3025,2,1,,,,,,
0,55,3025,3,1,,,,,,
0,55,3025,3,1,,,,,,
0,55,3025,4,1,,,,,,
0,55,3025,4,1,,,,,,
0,55,3025,3,2,,,,,,
0,55,3025,3,1,,,,,,
0,55,3025,3,1,,,,,,
0,55,3025,3,1,,,,,,
0,55,3025,6,1,,,,,,
0,55,3025,2,6,,,,,,
0,55,3025,6,1,,,,,,
0,55,3025,2,1,,,,,,
0,55,3025,3,1,,,,,,
0,55,3025,3,1,,,,,,
0,55,3025,6,1,,,,,,
0,55,3025,2,1,,,,,,
0,55,3025,3,1,,,,,,
0,55,3025,3,1,,,,,,
0,55,3025,3,1,,,,,,
0,55,3025,3,1,,,,,,
0,55,3025,3,4,,,,,,
0,55,3025,3,1,,,,,,
0,55,3025,3,1,,,,,,
0,55,3025,6,1,,,,,,
0,55,3025,2,6,,,,,,
0,55,3025,6,1,,,,,,
0,55,3025,3,1,,,,,,
0,55,3025,6,1,,,,,,
0,55,3025,6,1,,,,,,
0,55,3025,6,1,,,,,,
0,55,3025,2,1,,,,,,
0,55,3025,2,1,,,,,,
0,55,3025,3,1,,,,,,
0,56,3136,3,1,,,,,,
0,56,3136,3,1,,,,,,
0,56,3136,5,1,,,,,,
0,56,3136,3,4,,,,,,
0,56,3136,3,2,,,,,,
0,56,3136,3,1,,,,,,
0,56,3136,5,1,,,,,,
0,56,3136,2,1,,,,,,
0,56,3136,2,1,,,,,,
0,56,3136,3,1,,,,,,
0,56,3136,2,1,,,,,,
0,56,3136,3,1,,,,,,
0,56,3136,3,2,,,,,,
0,56,3136,6,1,,,,,,
0,56,3136,2,1,,,,,,
0,56,3136,3,1,,,,,,
0,56,3136,5,1,,,,,,
0,56,3136,3,1,,,,,,
0,56,3136,3,1,,,,,,
0,56,3136,2,6,,,,,,
0,56,3136,5,2,,,,,,
0,56,3136,2,3,,,,,,
0,56,3136,3,1,,,,,,
0,56,3136,3,1,,,,,,
0,56,3136,2,1,,,,,,
0,56,3136,3,1,,,,,,
0,56,3136,4,1,,,,,,
0,56,3136,5,1,,,,,,
0,56,3136,2,1,,,,,,
0,56,3136,5,1,,,,,,
0,56,3136,3,1,,,,,,
0,56,3136,6,1,,,,,,
0,56,3136,2,1,,,,,,
0,56,3136,3,1,,,,,,
0,56,3136,3,1,,,,,,
0,56,3136,3,1,,,,,,
0,56,3136,3,1,,,,,,
0,56,3136,3,6,,,,,,
0,56,3136,3,1,,,,,,
0,56,3136,3,1,,,,,,
0,56,3136,6,1,,,,,,
0,56,3136,3,1,,,,,,
0,56,3136,3,1,,,,,,
0,56,3136,2,3,,,,,,
0,56,3136,3,1,,,,,,
0,56,3136,3,1,,,,,,
0,56,3136,3,1,,,,,,
0,56,3136,4,1,,,,,,
0,56,3136,3,1,,,,,,
0,56,3136,6,1,,,,,,
0,56,3136,5,1,,,,,,
0,56,3136,2,4,,,,,,
0,56,3136,5,1,,,,,,
0,56,3136,3,1,,,,,,
0,56,3136,3,3,,,,,,
0,56,3136,2,1,,,,,,
0,56,3136,4,1,,,,,,
0,56,3136,2,1,,,,,,
0,56,3136,2,6,,,,,,
0,56,3136,3,1,,,,,,
0,56,3136,3,3,,,,,,
0,56,3136,6,1,,,,,,
0,56,3136,7,1,,,,,,
0,56,3136,4,1,,,,,,
0,56,3136,3,1,,,,,,
0,56,3136,3,1,,,,,,
0,56,3136,5,1,,,,,,
0,56,3136,3,2,,,,,,
0,56,3136,5,1,,,,,,
0,57,3249,3,1,,,,,,
0,57,3249,6,1,,,,,,
0,57,3249,5,1,,,,,,
0,57,3249,3,1,,,,,,
0,57,3249,4,1,,,,,,
0,57,3249,7,1,,,,,,
0,57,3249,2,6,,,,,,
0,57,3249,3,1,,,,,,
0,57,3249,3,1,,,,,,
0,57,3249,7,1,,,,,,
0,57,3249,3,1,,,,,,
0,57,3249,3,1,,,,,,
0,57,3249,3,3,,,,,,
0,57,3249,3,1,,,,,,
0,57,3249,3,1,,,,,,
0,57,3249,3,1,,,,,,
0,57,3249,6,1,,,,,,
0,57,3249,7,1,,,,,,
0,57,3249,3,1,,,,,,
0,57,3249,3,1,,,,,,
0,57,3249,2,2,,,,,,
0,57,3249,5,1,,,,,,
0,57,3249,3,1,,,,,,
0,57,3249,1,6,,,,,,
0,57,3249,4,1,,,,,,
0,57,3249,3,1,,,,,,
0,57,3249,3,3,,,,,,
0,57,3249,3,1,,,,,,
0,57,3249,3,2,,,,,,
0,57,3249,3,1,,,,,,
0,57,3249,7,1,,,,,,
0,57,3249,4,1,,,,,,
0,57,3249,2,6,,,,,,
0,57,3249,2,1,,,,,,
0,57,3249,2,1,,,,,,
0,57,3249,5,1,,,,,,
0,57,3249,4,1,,,,,,
0,57,3249,2,2,,,,,,
0,57,3249,3,3,,,,,,
0,57,3249,2,3,,,,,,
0,57,3249,3,1,,,,,,
0,57,3249,3,1,,,,,,
0,57,3249,3,2,,,,,,
0,57,3249,3,1,,,,,,
0,57,3249,1,4,,,,,,
0,57,3249,5,1,,,,,,
0,57,3249,6,1,,,,,,
0,57,3249,6,1,,,,,,
0,57,3249,3,1,,,,,,
0,57,3249,3,1,,,,,,
0,57,3249,3,1,,,,,,
0,57,3249,3,1,,,,,,
0,57,3249,3,3,,,,,,
0,57,3249,3,1,,,,,,
0,57,3249,3,3,,,,,,
0,57,3249,3,6,,,,,,
0,57,3249,2,6,,,,,,
0,57,3249,6,1,,,,,,
0,57,3249,3,1,,,,,,
0,57,3249,3,3,,,,,,
0,57,3249,1,1,,,,,,
0,57,3249,4,1,,,,,,
0,57,3249,4,1,,,,,,
0,57,3249,1,4,,,,,,
0,57,3249,3,2,,,,,,
0,57,3249,3,1,,,,,,
0,58,3364,3,1,,,,,,
0,58,3364,3,1,,,,,,
0,58,3364,5,1,,,,,,
0,58,3364,2,3,,,,,,
0,58,3364,4,1,,,,,,
0,58,3364,3,1,,,,,,
0,58,3364,3,1,,,,,,
0,58,3364,2,3,,,,,,
0,58,3364,3,6,,,,,,
0,58,3364,5,1,,,,,,
0,58,3364,3,2,,,,,,
0,58,3364,3,1,,,,,,
0,58,3364,4,1,,,,,,
0,58,3364,3,1,,,,,,
0,58,3364,3,2,,,,,,
0,58,3364,2,3,,,,,,
0,58,3364,2,1,,,,,,
0,58,3364,3,3,,,,,,
0,58,3364,2,6,,,,,,
0,58,3364,2,6,,,,,,
0,58,3364,3,4,,,,,,
0,58,3364,6,1,,,,,,
0,58,3364,1,1,,,,,,
0,58,3364,4,3,,,,,,
0,58,3364,3,3,,,,,,
0,58,3364,4,1,,,,,,
0,58,3364,6,2,,,,,,
0,58,3364,6,1,,,,,,
0,58,3364,6,1,,,,,,
0,58,3364,2,1,,,,,,
0,58,3364,5,1,,,,,,
0,58,3364,2,1,,,,,,
0,58,3364,3,1,,,,,,
0,58,3364,3,1,,,,,,
0,58,3364,3,3,,,,,,
0,58,3364,4,1,,,,,,
0,58,3364,2,3,,,,,,
0,58,3364,4,1,,,,,,
0,58,3364,3,1,,,,,,
0,58,3364,3,1,,,,,,
0,58,3364,3,1,,,,,,
0,58,3364,4,1,,,,,,
0,58,3364,5,3,,,,,,
0,58,3364,6,2,,,,,,
0,58,3364,2,1,,,,,,
0,58,3364,4,1,,,,,,
0,58,3364,3,1,,,,,,
0,58,3364,3,3,,,,,,
0,58,3364,6,1,,,,,,
0,58,3364,2,1,,,,,,
0,58,3364,3,1,,,,,,
0,58,3364,1,2,,,,,,
0,58,3364,3,1,,,,,,
0,58,3364,3,1,,,,,,
0,58,3364,3,1,,,,,,
0,58,3364,3,1,,,,,,
0,58,3364,6,1,,,,,,
0,58,3364,4,1,,,,,,
0,58,3364,3,1,,,,,,
0,58,3364,3,1,,,,,,
0,58,3364,2,6,,,,,,
0,58,3364,2,4,,,,,,
0,58,3364,6,3,,,,,,
0,58,3364,3,3,,,,,,
0,58,3364,3,1,,,,,,
0,58,3364,2,4,,,,,,
0,58,3364,6,1,,,,,,
0,58,3364,2,6,,,,,,
0,58,3364,3,2,,,,,,
0,58,3364,6,1,,,,,,
0,58,3364,3,1,,,,,,
0,58,3364,3,1,,,,,,
0,58,3364,3,1,,,,,,
0,58,3364,6,1,,,,,,
0,58,3364,3,3,,,,,,
0,58,3364,3,2,,,,,,
0,58,3364,6,1,,,,,,
0,59,3481,3,1,,,,,,
0,59,3481,6,1,,,,,,
0,59,3481,3,4,,,,,,
0,59,3481,6,1,,,,,,
0,59,3481,2,3,,,,,,
0,59,3481,3,2,,,,,,
0,59,3481,3,1,,,,,,
0,59,3481,7,1,,,,,,
0,59,3481,3,1,,,,,,
0,59,3481,6,1,,,,,,
0,59,3481,3,3,,,,,,
0,59,3481,3,6,,,,,,
0,59,3481,6,1,,,,,,
0,59,3481,3,3,,,,,,
0,59,3481,3,3,,,,,,
0,59,3481,5,1,,,,,,
0,59,3481,5,1,,,,,,
0,59,3481,7,1,,,,,,
0,59,3481,3,3,,,,,,
0,59,3481,3,4,,,,,,
0,59,3481,3,1,,,,,,
0,59,3481,3,3,,,,,,
0,59,3481,3,1,,,,,,
0,59,3481,6,1,,,,,,
0,59,3481,2,1,,,,,,
0,59,3481,2,3,,,,,,
0,59,3481,3,1,,,,,,
0,59,3481,7,1,,,,,,
0,59,3481,3,1,,,,,,
0,59,3481,4,3,,,,,,
0,59,3481,3,3,,,,,,
0,59,3481,2,2,,,,,,
0,59,3481,3,2,,,,,,
0,59,3481,3,2,,,,,,
0,59,3481,3,1,,,,,,
0,59,3481,2,3,,,,,,
0,59,3481,3,3,,,,,,
0,59,3481,3,1,,,,,,
0,59,3481,2,4,,,,,,
0,59,3481,3,1,,,,,,
0,59,3481,6,3,,,,,,
0,59,3481,2,3,,,,,,
0,59,3481,7,1,,,,,,
0,59,3481,4,1,,,,,,
0,59,3481,6,2,,,,,,
0,59,3481,2,6,,,,,,
0,59,3481,3,6,,,,,,
0,59,3481,3,3,,,,,,
0,59,3481,3,1,,,,,,
0,59,3481,5,1,,,,,,
0,59,3481,3,1,,,,,,
0,59,3481,3,2,,,,,,
0,59,3481,3,1,,,,,,
0,59,3481,3,1,,,,,,
0,59,3481,6,1,,,,,,
0,59,3481,3,1,,,,,,
0,59,3481,3,3,,,,,,
0,59,3481,4,1,,,,,,
0,59,3481,3,3,,,,,,
0,59,3481,7,1,,,,,,
0,59,3481,7,3,,,,,,
0,59,3481,1,2,,,,,,
0,59,3481,1,4,,,,,,
0,59,3481,3,6,,,,,,
0,59,3481,3,1,,,,,,
0,59,3481,3,2,,,,,,
0,59,3481,5,1,,,,,,
0,60,3600,4,3,,,,,,
0,60,3600,6,1,,,,,,
0,60,3600,4,1,,,,,,
0,60,3600,3,3,,,,,,
0,60,3600,3,1,,,,,,
0,60,3600,5,1,,,,,,
0,60,3600,3,3,,,,,,
0,60,3600,4,3,,,,,,
0,60,3600,3,2,,,,,,
0,60,3600,6,3,,,,,,
0,60,3600,3,3,,,,,,
0,60,3600,5,1,,,,,,
0,60,3600,3,1,,,,,,
0,60,3600,3,1,,,,,,
0,60,3600,3,6,,,,,,
0,60,3600,2,3,,,,,,
0,60,3600,7,1,,,,,,
0,60,3600,2,3,,,,,,
0,60,3600,3,3,,,,,,
0,60,3600,4,1,,,,,,
0,60,3600,3,1,,,,,,
0,60,3600,3,3,,,,,,
0,60,3600,6,1,,,,,,
0,60,3600,4,3,,,,,,
0,60,3600,4,2,,,,,,
0,60,3600,3,1,,,,,,
0,60,3600,3,1,,,,,,
0,60,3600,3,1,,,,,,
0,60,3600,3,6,,,,,,
0,60,3600,6,1,,,,,,
0,60,3600,3,2,,,,,,
0,60,3600,3,1,,,,,,
0,60,3600,3,2,,,,,,
0,60,3600,6,1,,,,,,
0,60,3600,3,1,,,,,,
0,60,3600,2,3,,,,,,
0,60,3600,4,1,,,,,,
0,60,3600,6,1,,,,,,
0,60,3600,3,2,,,,,,
0,60,3600,2,3,,,,,,
0,60,3600,6,3,,,,,,
0,60,3600,2,3,,,,,,
0,60,3600,3,2,,,,,,
0,60,3600,3,1,,,,,,
0,60,3600,4,3,,,,,,
0,60,3600,3,1,,,,,,
0,60,3600,2,3,,,,,,
0,60,3600,3,3,,,,,,
0,60,3600,3,1,,,,,,
0,60,3600,5,1,,,,,,
0,60,3600,3,3,,,,,,
0,60,3600,4,1,,,,,,
0,60,3600,3,1,,,,,,
0,60,3600,3,3,,,,,,
0,60,3600,3,2,,,,,,
0,60,3600,6,1,,,,,,
0,60,3600,3,1,,,,,,
0,60,3600,5,1,,,,,,
0,60,3600,3,3,,,,,,
0,60,3600,3,2,,,,,,
0,60,3600,5,1,,,,,,
0,60,3600,4,3,,,,,,
0,60,3600,6,1,,,,,,
0,60,3600,5,1,,,,,,
0,60,3600,3,1,,,,,,
0,60,3600,3,3,,,,,,
0,60,3600,2,6,,,,,,
0,60,3600,2,3,,,,,,
0,60,3600,3,3,,,,,,
0,60,3600,3,1,,,,,,
0,60,3600,4,1,,,,,,
0,60,3600,4,1,,,,,,
0,60,3600,2,3,,,,,,
0,60,3600,3,3,,,,,,
0,60,3600,6,1,,,,,,
0,60,3600,4,1,,,,,,
0,60,3600,2,3,,,,,,
0,61,3721,3,3,,,,,,
0,61,3721,3,3,,,,,,
0,61,3721,6,1,,,,,,
0,61,3721,2,3,,,,,,
0,61,3721,3,1,,,,,,
0,61,3721,3,3,,,,,,
0,61,3721,3,3,,,,,,
0,61,3721,3,6,,,,,,
0,61,3721,3,3,,,,,,
0,61,3721,3,1,,,,,,
0,61,3721,2,3,,,,,,
0,61,3721,2,3,,,,,,
0,61,3721,3,1,,,,,,
0,61,3721,4,3,,,,,,
0,61,3721,6,1,,,,,,
0,61,3721,3,3,,,,,,
0,61,3721,6,1,,,,,,
0,61,3721,6,1,,,,,,
0,61,3721,7,1,,,,,,
0,61,3721,5,4,,,,,,
0,61,3721,3,3,,,,,,
0,61,3721,6,1,,,,,,
0,61,3721,3,1,,,,,,
0,61,3721,3,3,,,,,,
0,61,3721,3,1,,,,,,
0,61,3721,3,1,,,,,,
0,61,3721,3,1,,,,,,
0,61,3721,3,1,,,,,,
0,61,3721,4,1,,,,,,
0,61,3721,4,3,,,,,,
0,61,3721,3,3,,,,,,
0,61,3721,6,1,,,,,,
0,61,3721,7,1,,,,,,
0,61,3721,3,3,,,,,,
0,61,3721,6,1,,,,,,
0,61,3721,6,1,,,,,,
0,61,3721,4,1,,,,,,
0,61,3721,6,1,,,,,,
0,61,3721,4,3,,,,,,
0,61,3721,5,3,,,,,,
0,61,3721,6,1,,,,,,
0,61,3721,3,3,,,,,,
0,61,3721,5,6,,,,,,
0,61,3721,2,3,,,,,,
0,61,3721,4,3,,,,,,
0,61,3721,7,1,,,,,,
0,61,3721,2,3,,,,,,
0,61,3721,3,3,,,,,,
0,61,3721,3,3,,,,,,
0,61,3721,4,1,,,,,,
0,61,3721,2,1,,,,,,
0,61,3721,3,6,,,,,,
0,61,3721,3,3,,,,,,
0,61,3721,3,3,,,,,,
0,61,3721,3,3,,,,,,
0,61,3721,3,1,,,,,,
0,61,3721,3,3,,,,,,
0,61,3721,3,1,,,,,,
0,61,3721,3,3,,,,,,
0,61,3721,4,1,,,,,,
0,61,3721,4,1,,,,,,
0,61,3721,2,3,,,,,,
0,61,3721,2,3,,,,,,
0,61,3721,3,1,,,,,,
0,61,3721,5,1,,,,,,
0,61,3721,3,1,,,,,,
0,61,3721,3,3,,,,,,
0,61,3721,3,3,,,,,,
0,61,3721,2,1,,,,,,
0,61,3721,6,1,,,,,,
0,61,3721,3,3,,,,,,
0,61,3721,3,1,,,,,,
0,62,3844,5,1,,,,,,
0,62,3844,3,3,,,,,,
0,62,3844,3,3,,,,,,
0,62,3844,3,3,,,,,,
0,62,3844,3,3,,,,,,
0,62,3844,3,3,,,,,,
0,62,3844,3,3,,,,,,
0,62,3844,5,1,,,,,,
0,62,3844,3,3,,,,,,
0,62,3844,1,6,,,,,,
0,62,3844,3,3,,,,,,
0,62,3844,2,6,,,,,,
0,62,3844,3,3,,,,,,
0,62,3844,3,3,,,,,,
0,62,3844,2,6,,,,,,
0,62,3844,7,1,,,,,,
0,62,3844,5,3,,,,,,
0,62,3844,4,1,,,,,,
0,62,3844,7,1,,,,,,
0,62,3844,3,3,,,,,,
0,62,3844,3,1,,,,,,
0,62,3844,2,6,,,,,,
0,62,3844,5,3,,,,,,
0,62,3844,3,3,,,,,,
0,62,3844,6,1,,,,,,
0,62,3844,6,1,,,,,,
0,62,3844,3,3,,,,,,
0,62,3844,4,1,,,,,,
0,62,3844,2,1,,,,,,
0,62,3844,3,3,,,,,,
0,62,3844,6,3,,,,,,
0,62,3844,5,1,,,,,,
0,62,3844,6,1,,,,,,
0,62,3844,3,3,,,,,,
0,62,3844,3,3,,,,,,
0,62,3844,5,3,,,,,,
0,62,3844,3,3,,,,,,
0,62,3844,3,1,,,,,,
0,62,3844,3,3,,,,,,
0,62,3844,4,3,,,,,,
0,62,3844,7,1,,,,,,
0,62,3844,6,1,,,,,,
0,62,3844,5,3,,,,,,
0,62,3844,3,3,,,,,,
0,62,3844,3,3,,,,,,
0,62,3844,2,3,,,,,,
0,62,3844,3,3,,,,,,
0,62,3844,2,1,,,,,,
0,62,3844,3,3,,,,,,
0,62,3844,2,3,,,,,,
0,62,3844,2,3,,,,,,
0,62,3844,7,1,,,,,,
0,62,3844,3,3,,,,,,
0,62,3844,3,3,,,,,,
0,62,3844,2,6,,,,,,
0,62,3844,3,3,,,,,,
0,62,3844,3,3,,,,,,
0,62,3844,2,3,,,,,,
0,62,3844,4,6,,,,,,
0,62,3844,2,3,,,,,,
0,62,3844,3,1,,,,,,
0,62,3844,4,3,,,,,,
0,62,3844,6,3,,,,,,
0,62,3844,6,3,,,,,,
0,62,3844,4,3,,,,,,
0,62,3844,2,6,,,,,,
0,62,3844,3,3,,,,,,
0,62,3844,2,1,,,,,,
0,62,3844,6,3,,,,,,
0,62,3844,3,3,,,,,,
0,62,3844,2,3,,,,,,
0,62,3844,6,3,,,,,,
0,62,3844,6,1,,,,,,
0,62,3844,4,3,,,,,,
0,62,3844,3,3,,,,,,
0,62,3844,1,6,,,,,,
0,62,3844,3,3,,,,,,
0,63,3969,3,3,,,,,,
0,63,3969,2,3,,,,,,
0,63,3969,3,1,,,,,,
0,63,3969,4,3,,,,,,
0,63,3969,3,3,,,,,,
0,63,3969,3,3,,,,,,
0,63,3969,5,3,,,,,,
0,63,3969,3,3,,,,,,
0,63,3969,6,1,,,,,,
0,63,3969,3,2,,,,,,
0,63,3969,3,1,,,,,,
0,63,3969,3,3,,,,,,
0,63,3969,6,6,,,,,,
0,63,3969,6,1,,,,,,
0,63,3969,3,6,,,,,,
0,63,3969,7,3,,,,,,
0,63,3969,3,3,,,,,,
0,63,3969,3,3,,,,,,
0,63,3969,5,3,,,,,,
0,63,3969,4,1,,,,,,
0,63,3969,2,3,,,,,,
0,63,3969,4,3,,,,,,
0,63,3969,3,3,,,,,,
0,63,3969,3,3,,,,,,
0,63,3969,5,1,,,,,,
0,63,3969,3,3,,,,,,
0,63,3969,3,3,,,,,,
0,63,3969,6,3,,,,,,
0,63,3969,3,1,,,,,,
0,63,3969,6,6,,,,,,
0,63,3969,4,2,,,,,,
0,63,3969,3,1,,,,,,
0,63,3969,4,3,,,,,,
0,63,3969,2,2,,,,,,
0,63,3969,2,3,,,,,,
0,63,3969,6,1,,,,,,
0,63,3969,3,6,,,,,,
0,63,3969,5,3,,,,,,
0,63,3969,3,3,,,,,,
0,63,3969,2,3,,,,,,
0,63,3969,6,3,,,,,,
0,63,3969,2,4,,,,,,
0,63,3969,3,3,,,,,,
0,63,3969,3,1,,,,,,
0,63,3969,4,3,,,,,,
0,63,3969,3,3,,,,,,
0,63,3969,3,3,,,,,,
0,63,3969,3,1,,,,,,
0,63,3969,3,3,,,,,,
0,63,3969,3,3,,,,,,
0,63,3969,3,3,,,,,,
0,63,3969,3,3,,,,,,
0,63,3969,2,3,,,,,,
0,63,3969,5,3,,,,,,
0,63,3969,3,3,,,,,,
0,63,3969,3,3,,,,,,
0,63,3969,6,3,,,,,,
0,63,3969,3,3,,,,,,
0,63,3969,3,3,,,,,,
0,63,3969,2,3,,,,,,
0,63,3969,3,3,,,,,,
0,63,3969,3,3,,,,,,
0,63,3969,6,1,,,,,,
0,63,3969,2,3,,,,,,
0,63,3969,3,3,,,,,,
0,63,3969,3,3,,,,,,
0,63,3969,7,1,,,,,,
0,63,3969,2,3,,,,,,
0,64,4096,3,3,,,,,,
0,64,4096,7,3,,,,,,
0,64,4096,3,3,,,,,,
0,64,4096,6,1,,,,,,
0,64,4096,4,3,,,,,,
0,64,4096,3,3,,,,,,
0,64,4096,6,3,,,,,,
0,64,4096,2,3,,,,,,
0,64,4096,6,1,,,,,,
0,64,4096,2,3,,,,,,
0,64,4096,2,3,,,,,,
0,64,4096,3,3,,,,,,
0,64,4096,3,3,,,,,,
0,64,4096,2,6,,,,,,
0,64,4096,3,3,,,,,,
0,64,4096,5,1,,,,,,
0,64,4096,2,6,,,,,,
0,64,4096,3,3,,,,,,
0,64,4096,4,3,,,,,,
0,64,4096,3,6,,,,,,
0,64,4096,4,1,,,,,,
0,64,4096,6,1,,,,,,
0,64,4096,4,1,,,,,,
0,64,4096,6,2,,,,,,
0,64,4096,4,2,,,,,,
0,64,4096,3,3,,,,,,
0,64,4096,3,3,,,,,,
0,64,4096,2,3,,,,,,
0,64,4096,1,3,,,,,,
0,64,4096,2,6,,,,,,
0,64,4096,3,3,,,,,,
0,64,4096,2,3,,,,,,
0,64,4096,3,3,,,,,,
0,64,4096,3,3,,,,,,
0,64,4096,5,3,,,,,,
0,64,4096,3,3,,,,,,
0,64,4096,3,1,,,,,,
0,64,4096,3,6,,,,,,
0,64,4096,2,3,,,,,,
0,64,4096,3,3,,,,,,
0,64,4096,3,3,,,,,,
0,64,4096,2,6,,,,,,
0,64,4096,3,3,,,,,,
0,64,4096,1,3,,,,,,
0,64,4096,2,3,,,,,,
0,64,4096,3,3,,,,,,
0,64,4096,2,3,,,,,,
0,64,4096,2,2,,,,,,
0,64,4096,2,3,,,,,,
0,64,4096,4,1,,,,,,
0,64,4096,3,3,,,,,,
0,64,4096,3,3,,,,,,
0,64,4096,6,3,,,,,,
0,64,4096,3,3,,,,,,
0,64,4096,2,3,,,,,,
0,64,4096,2,3,,,,,,
0,64,4096,3,1,,,,,,
0,64,4096,3,3,,,,,,
0,64,4096,6,3,,,,,,
0,64,4096,3,3,,,,,,
0,64,4096,3,3,,,,,,
0,64,4096,6,1,,,,,,
0,64,4096,3,3,,,,,,
0,64,4096,3,3,,,,,,
0,64,4096,2,3,,,,,,
0,64,4096,3,3,,,,,,
0,64,4096,3,3,,,,,,
0,64,4096,3,3,,,,,,
0,64,4096,3,3,,,,,,
0,65,4225,2,3,,,,,,
0,65,4225,6,3,,,,,,
0,65,4225,2,3,,,,,,
0,65,4225,2,3,,,,,,
0,65,4225,3,3,,,,,,
0,65,4225,3,3,,,,,,
0,65,4225,6,1,,,,,,
0,65,4225,7,6,,,,,,
0,65,4225,3,3,,,,,,
0,65,4225,4,3,,,,,,
0,65,4225,3,3,,,,,,
0,65,4225,2,3,,,,,,
0,65,4225,3,3,,,,,,
0,65,4225,2,3,,,,,,
0,65,4225,3,3,,,,,,
0,65,4225,3,3,,,,,,
0,65,4225,3,3,,,,,,
0,65,4225,4,3,,,,,,
0,65,4225,3,3,,,,,,
0,65,4225,1,3,,,,,,
0,65,4225,3,3,,,,,,
0,65,4225,3,3,,,,,,
0,65,4225,2,3,,,,,,
0,65,4225,3,3,,,,,,
0,65,4225,3,3,,,,,,
0,65,4225,3,3,,,,,,
0,65,4225,5,3,,,,,,
0,65,4225,3,3,,,,,,
0,65,4225,5,3,,,,,,
0,65,4225,3,3,,,,,,
0,65,4225,3,3,,,,,,
0,65,4225,3,3,,,,,,
0,65,4225,6,3,,,,,,
0,65,4225,2,3,,,,,,
0,65,4225,3,3,,,,,,
0,65,4225,3,3,,,,,,
0,65,4225,3,1,,,,,,
0,65,4225,4,3,,,,,,
0,65,4225,3,3,,,,,,
0,65,4225,3,3,,,,,,
0,65,4225,3,3,,,,,,
0,65,4225,3,3,,,,,,
0,65,4225,3,3,,,,,,
0,65,4225,3,3,,,,,,
0,65,4225,5,3,,,,,,
0,65,4225,6,1,,,,,,
0,65,4225,4,3,,,,,,
0,65,4225,3,3,,,,,,
0,65,4225,3,1,,,,,,
0,65,4225,2,3,,,,,,
0,65,4225,2,3,,,,,,
0,65,4225,2,3,,,,,,
0,65,4225,3,3,,,,,,
0,65,4225,3,6,,,,,,
0,65,4225,4,3,,,,,,
0,65,4225,6,3,,,,,,
0,65,4225,3,3,,,,,,
0,65,4225,2,3,,,,,,
0,65,4225,3,3,,,,,,
0,65,4225,2,1,,,,,,
0,65,4225,3,3,,,,,,
0,65,4225,2,3,,,,,,
0,65,4225,3,3,,,,,,
0,65,4225,2,3,,,,,,
0,65,4225,3,3,,,,,,
0,65,4225,3,3,,,,,,
0,65,4225,2,3,,,,,,
0,65,4225,3,3,,,,,,
0,65,4225,1,3,,,,,,
0,65,4225,4,3,,,,,,
0,66,4356,3,3,,,,,,
0,66,4356,3,3,,,,,,
0,66,4356,2,3,,,,,,
0,66,4356,4,3,,,,,,
0,66,4356,4,1,,,,,,
0,66,4356,3,3,,,,,,
0,66,4356,6,3,,,,,,
0,66,4356,3,3,,,,,,
0,66,4356,3,1,,,,,,
0,66,4356,3,6,,,,,,
0,66,4356,3,3,,,,,,
0,66,4356,3,3,,,,,,
0,66,4356,2,3,,,,,,
0,66,4356,2,3,,,,,,
0,66,4356,2,3,,,,,,
0,66,4356,3,1,,,,,,
0,66,4356,3,3,,,,,,
0,66,4356,2,6,,,,,,
0,66,4356,2,3,,,,,,
0,66,4356,2,3,,,,,,
0,66,4356,3,3,,,,,,
0,66,4356,4,3,,,,,,
0,66,4356,4,2,,,,,,
0,66,4356,3,3,,,,,,
0,66,4356,2,3,,,,,,
0,66,4356,3,3,,,,,,
0,66,4356,3,3,,,,,,
0,66,4356,2,3,,,,,,
0,66,4356,3,3,,,,,,
0,66,4356,3,3,,,,,,
0,66,4356,3,3,,,,,,
0,66,4356,3,3,,,,,,
0,66,4356,3,3,,,,,,
0,66,4356,3,3,,,,,,
0,66,4356,3,3,,,,,,
0,66,4356,2,3,,,,,,
0,66,4356,2,3,,,,,,
0,66,4356,2,4,,,,,,
0,66,4356,3,3,,,,,,
0,66,4356,3,3,,,,,,
0,66,4356,3,3,,,,,,
0,66,4356,3,3,,,,,,
0,66,4356,4,3,,,,,,
0,66,4356,3,3,,,,,,
0,66,4356,3,3,,,,,,
0,66,4356,2,3,,,,,,
0,66,4356,6,3,,,,,,
0,66,4356,3,3,,,,,,
0,66,4356,2,3,,,,,,
0,66,4356,3,3,,,,,,
0,66,4356,2,3,,,,,,
0,66,4356,1,3,,,,,,
0,66,4356,6,3,,,,,,
0,66,4356,3,3,,,,,,
0,66,4356,3,3,,,,,,
0,66,4356,3,3,,,,,,
0,66,4356,2,4,,,,,,
0,66,4356,2,3,,,,,,
0,66,4356,1,3,,,,,,
0,66,4356,3,3,,,,,,
0,66,4356,3,3,,,,,,
0,66,4356,3,3,,,,,,
0,66,4356,3,3,,,,,,
0,66,4356,4,3,,,,,,
0,67,4489,3,3,,,,,,
0,67,4489,2,3,,,,,,
0,67,4489,3,3,,,,,,
0,67,4489,3,3,,,,,,
0,67,4489,4,3,,,,,,
0,67,4489,2,3,,,,,,
0,67,4489,3,1,,,,,,
0,67,4489,6,3,,,,,,
0,67,4489,2,3,,,,,,
0,67,4489,2,3,,,,,,
0,67,4489,3,3,,,,,,
0,67,4489,2,3,,,,,,
0,67,4489,6,3,,,,,,
0,67,4489,3,3,,,,,,
0,67,4489,3,3,,,,,,
0,67,4489,6,3,,,,,,
0,67,4489,2,3,,,,,,
0,67,4489,2,3,,,,,,
0,67,4489,3,3,,,,,,
0,67,4489,3,3,,,,,,
0,67,4489,3,3,,,,,,
0,67,4489,3,3,,,,,,
0,67,4489,2,3,,,,,,
0,67,4489,3,4,,,,,,
0,67,4489,2,3,,,,,,
0,67,4489,1,3,,,,,,
0,67,4489,3,3,,,,,,
0,67,4489,6,3,,,,,,
0,67,4489,3,3,,,,,,
0,67,4489,3,3,,,,,,
0,67,4489,3,3,,,,,,
0,67,4489,3,3,,,,,,
0,67,4489,1,6,,,,,,
0,67,4489,2,3,,,,,,
0,67,4489,3,3,,,,,,
0,67,4489,2,3,,,,,,
0,67,4489,2,3,,,,,,
0,67,4489,3,3,,,,,,
0,67,4489,3,3,,,,,,
0,67,4489,3,3,,,,,,
0,67,4489,6,3,,,,,,
0,67,4489,2,3,,,,,,
0,67,4489,3,3,,,,,,
0,67,4489,2,3,,,,,,
0,67,4489,3,3,,,,,,
0,67,4489,3,3,,,,,,
0,67,4489,3,3,,,,,,
0,67,4489,4,3,,,,,,
0,67,4489,3,3,,,,,,
0,67,4489,6,3,,,,,,
0,67,4489,3,3,,,,,,
0,67,4489,6,3,,,,,,
0,67,4489,2,3,,,,,,
0,67,4489,3,3,,,,,,
0,67,4489,2,3,,,,,,
0,67,4489,3,3,,,,,,
0,67,4489,2,3,,,,,,
0,67,4489,3,3,,,,,,
0,67,4489,3,3,,,,,,
0,67,4489,4,3,,,,,,
0,67,4489,2,3,,,,,,
0,67,4489,3,3,,,,,,
0,67,4489,3,3,,,,,,
0,68,4624,3,3,,,,,,
0,68,4624,2,6,,,,,,
0,68,4624,3,3,,,,,,
0,68,4624,3,3,,,,,,
0,68,4624,3,3,,,,,,
0,68,4624,3,3,,,,,,
0,68,4624,2,3,,,,,,
0,68,4624,3,3,,,,,,
0,68,4624,2,3,,,,,,
0,68,4624,3,3,,,,,,
0,68,4624,3,1,,,,,,
0,68,4624,3,3,,,,,,
0,68,4624,2,3,,,,,,
0,68,4624,2,3,,,,,,
0,68,4624,3,3,,,,,,
0,68,4624,3,3,,,,,,
0,68,4624,2,3,,,,,,
0,68,4624,2,3,,,,,,
0,68,4624,5,3,,,,,,
0,68,4624,6,3,,,,,,
0,68,4624,2,3,,,,,,
0,68,4624,3,3,,,,,,
0,68,4624,2,3,,,,,,
0,68,4624,2,3,,,,,,
0,68,4624,3,3,,,,,,
0,68,4624,2,3,,,,,,
0,68,4624,2,3,,,,,,
0,68,4624,4,3,,,,,,
0,68,4624,6,3,,,,,,
0,68,4624,2,3,,,,,,
0,68,4624,2,3,,,,,,
0,68,4624,7,1,,,,,,
0,68,4624,3,3,,,,,,
0,68,4624,1,4,,,,,,
0,68,4624,2,3,,,,,,
0,68,4624,2,3,,,,,,
0,68,4624,2,3,,,,,,
0,68,4624,2,3,,,,,,
0,68,4624,3,3,,,,,,
0,68,4624,2,3,,,,,,
0,68,4624,2,3,,,,,,
0,68,4624,3,3,,,,,,
0,68,4624,2,3,,,,,,
0,68,4624,3,3,,,,,,
0,68,4624,2,3,,,,,,
0,68,4624,3,6,,,,,,
0,68,4624,3,6,,,,,,
0,68,4624,3,3,,,,,,
0,68,4624,4,3,,,,,,
0,68,4624,3,3,,,,,,
0,68,4624,3,3,,,,,,
0,68,4624,3,3,,,,,,
0,68,4624,3,3,,,,,,
0,68,4624,2,3,,,,,,
0,68,4624,3,3,,,,,,
0,68,4624,3,3,,,,,,
0,68,4624,3,3,,,,,,
0,68,4624,2,3,,,,,,
0,68,4624,3,3,,,,,,
0,68,4624,3,3,,,,,,
0,68,4624,3,3,,,,,,
0,68,4624,3,3,,,,,,
0,68,4624,4,3,,,,,,
0,68,4624,3,3,,,,,,
0,68,4624,3,3,,,,,,
0,68,4624,3,3,,,,,,
0,68,4624,3,3,,,,,,
0,68,4624,3,3,,,,,,
0,68,4624,2,3,,,,,,
0,68,4624,4,3,,,,,,
0,68,4624,3,3,,,,,,
0,68,4624,2,3,,,,,,
0,68,4624,3,3,,,,,,
0,68,4624,2,3,,,,,,
0,69,4761,3,3,,,,,,
0,69,4761,2,3,,,,,,
0,69,4761,4,3,,,,,,
0,69,4761,4,3,,,,,,
0,69,4761,3,3,,,,,,
0,69,4761,3,3,,,,,,
0,69,4761,3,3,,,,,,
0,69,4761,4,3,,,,,,
0,69,4761,3,3,,,,,,
0,69,4761,4,3,,,,,,
0,69,4761,2,3,,,,,,
0,69,4761,3,3,,,,,,
0,69,4761,5,3,,,,,,
0,69,4761,2,3,,,,,,
0,69,4761,3,3,,,,,,
0,69,4761,2,3,,,,,,
0,69,4761,3,3,,,,,,
0,69,4761,3,3,,,,,,
0,69,4761,3,3,,,,,,
0,69,4761,4,3,,,,,,
0,69,4761,3,3,,,,,,
0,69,4761,3,3,,,,,,
0,69,4761,3,3,,,,,,
0,69,4761,3,3,,,,,,
0,69,4761,6,3,,,,,,
0,69,4761,3,3,,,,,,
0,69,4761,3,3,,,,,,
0,69,4761,3,3,,,,,,
0,69,4761,2,3,,,,,,
0,69,4761,2,3,,,,,,
0,69,4761,3,3,,,,,,
0,69,4761,6,3,,,,,,
0,69,4761,4,3,,,,,,
0,69,4761,2,3,,,,,,
0,69,4761,3,3,,,,,,
0,69,4761,2,4,,,,,,
0,69,4761,6,1,,,,,,
0,69,4761,3,3,,,,,,
0,69,4761,3,3,,,,,,
0,69,4761,3,3,,,,,,
0,69,4761,2,3,,,,,,
0,69,4761,3,3,,,,,,
0,69,4761,3,3,,,,,,
0,69,4761,3,3,,,,,,
0,69,4761,2,3,,,,,,
0,69,4761,3,6,,,,,,
0,69,4761,3,3,,,,,,
0,69,4761,2,3,,,,,,
0,69,4761,2,3,,,,,,
0,69,4761,6,6,,,,,,
0,69,4761,4,3,,,,,,
0,69,4761,3,3,,,,,,
0,69,4761,2,3,,,,,,
0,69,4761,3,3,,,,,,
0,69,4761,2,3,,,,,,
0,69,4761,3,3,,,,,,
0,69,4761,3,6,,,,,,
0,69,4761,2,3,,,,,,
0,70,4900,3,3,,,,,,
0,70,4900,2,3,,,,,,
0,70,4900,3,3,,,,,,
0,70,4900,7,3,,,,,,
0,70,4900,7,3,,,,,,
0,70,4900,1,3,,,,,,
0,70,4900,2,3,,,,,,
0,70,4900,2,3,,,,,,
0,70,4900,2,3,,,,,,
0,70,4900,3,3,,,,,,
0,70,4900,2,3,,,,,,
0,70,4900,3,3,,,,,,
0,70,4900,3,3,,,,,,
0,70,4900,2,3,,,,,,
0,70,4900,3,3,,,,,,
0,70,4900,2,3,,,,,,
0,70,4900,3,3,,,,,,
0,70,4900,3,3,,,,,,
0,70,4900,6,3,,,,,,
0,70,4900,2,3,,,,,,
0,70,4900,3,3,,,,,,
0,70,4900,3,3,,,,,,
0,70,4900,6,3,,,,,,
0,70,4900,5,3,,,,,,
0,70,4900,3,3,,,,,,
0,70,4900,2,3,,,,,,
0,70,4900,3,3,,,,,,
0,70,4900,2,3,,,,,,
0,70,4900,2,3,,,,,,
0,70,4900,3,3,,,,,,
0,70,4900,3,3,,,,,,
0,70,4900,3,3,,,,,,
0,70,4900,3,3,,,,,,
0,70,4900,2,3,,,,,,
0,70,4900,3,3,,,,,,
0,70,4900,2,3,,,,,,
0,70,4900,3,3,,,,,,
0,70,4900,3,3,,,,,,
0,70,4900,4,3,,,,,,
0,70,4900,3,3,,,,,,
0,70,4900,2,3,,,,,,
0,70,4900,3,3,,,,,,
0,70,4900,2,3,,,,,,
0,70,4900,3,3,,,,,,
0,70,4900,3,3,,,,,,
0,70,4900,2,3,,,,,,
0,70,4900,3,3,,,,,,
0,70,4900,3,3,,,,,,
0,70,4900,6,3,,,,,,
0,70,4900,3,3,,,,,,
0,70,4900,3,3,,,,,,
0,70,4900,2,3,,,,,,
0,70,4900,3,3,,,,,,
0,70,4900,2,3,,,,,,
0,70,4900,2,1,,,,,,
0,70,4900,2,3,,,,,,
0,70,4900,6,3,,,,,,
0,70,4900,6,3,,,,,,
0,70,4900,3,3,,,,,,
0,70,4900,3,3,,,,,,
0,70,4900,2,3,,,,,,
0,70,4900,3,3,,,,,,
0,70,4900,3,3,,,,,,
0,70,4900,2,3,,,,,,
0,70,4900,6,3,,,,,,
0,70,4900,3,3,,,,,,
0,70,4900,3,3,,,,,,
0,71,5041,3,3,,,,,,
0,71,5041,3,3,,,,,,
0,71,5041,2,3,,,,,,
0,71,5041,3,3,,,,,,
0,71,5041,6,3,,,,,,
0,71,5041,1,3,,,,,,
0,71,5041,3,3,,,,,,
0,71,5041,2,3,,,,,,
0,71,5041,2,3,,,,,,
0,71,5041,2,3,,,,,,
0,71,5041,2,3,,,,,,
0,71,5041,6,3,,,,,,
0,71,5041,2,3,,,,,,
0,71,5041,3,3,,,,,,
0,71,5041,1,3,,,,,,
0,71,5041,2,3,,,,,,
0,71,5041,2,3,,,,,,
0,71,5041,3,3,,,,,,
0,71,5041,2,3,,,,,,
0,71,5041,3,3,,,,,,
0,71,5041,4,3,,,,,,
0,71,5041,4,3,,,,,,
0,71,5041,6,3,,,,,,
0,71,5041,2,3,,,,,,
0,71,5041,5,3,,,,,,
0,71,5041,2,3,,,,,,
0,71,5041,3,3,,,,,,
0,71,5041,2,3,,,,,,
0,71,5041,3,3,,,,,,
0,71,5041,3,3,,,,,,
0,71,5041,4,3,,,,,,
0,71,5041,3,3,,,,,,
0,71,5041,3,3,,,,,,
0,71,5041,4,3,,,,,,
0,71,5041,3,6,,,,,,
0,71,5041,2,3,,,,,,
0,71,5041,2,3,,,,,,
0,71,5041,2,3,,,,,,
0,71,5041,3,3,,,,,,
0,71,5041,3,3,,,,,,
0,71,5041,3,3,,,,,,
0,71,5041,2,2,,,,,,
0,71,5041,3,3,,,,,,
0,71,5041,2,3,,,,,,
0,71,5041,3,3,,,,,,
0,71,5041,6,3,,,,,,
0,71,5041,3,3,,,,,,
0,71,5041,2,3,,,,,,
0,71,5041,7,3,,,,,,
0,71,5041,3,3,,,,,,
0,71,5041,3,3,,,,,,
0,71,5041,3,3,,,,,,
0,71,5041,2,3,,,,,,
0,71,5041,3,3,,,,,,
0,71,5041,3,3,,,,,,
0,72,5184,2,3,,,,,,
0,72,5184,5,3,,,,,,
0,72,5184,2,3,,,,,,
0,72,5184,2,3,,,,,,
0,72,5184,3,3,,,,,,
0,72,5184,3,3,,,,,,
0,72,5184,3,3,,,,,,
0,72,5184,2,3,,,,,,
0,72,5184,2,3,,,,,,
0,72,5184,2,3,,,,,,
0,72,5184,3,3,,,,,,
0,72,5184,3,3,,,,,,
0,72,5184,3,1,,,,,,
0,72,5184,2,3,,,,,,
0,72,5184,2,3,,,,,,
0,72,5184,2,3,,,,,,
0,72,5184,2,3,,,,,,
0,72,5184,2,3,,,,,,
0,72,5184,2,3,,,,,,
0,72,5184,4,3,,,,,,
0,72,5184,2,3,,,,,,
0,72,5184,3,3,,,,,,
0,72,5184,4,3,,,,,,
0,72,5184,1,3,,,,,,
0,72,5184,3,3,,,,,,
0,72,5184,3,3,,,,,,
0,72,5184,3,3,,,,,,
0,72,5184,3,3,,,,,,
0,72,5184,2,3,,,,,,
0,72,5184,6,3,,,,,,
0,72,5184,2,3,,,,,,
0,72,5184,3,3,,,,,,
0,72,5184,3,3,,,,,,
0,72,5184,2,2,,,,,,
0,72,5184,3,3,,,,,,
0,72,5184,2,3,,,,,,
0,72,5184,2,3,,,,,,
0,72,5184,2,3,,,,,,
0,72,5184,3,3,,,,,,
0,72,5184,6,3,,,,,,
0,72,5184,2,3,,,,,,
0,72,5184,3,3,,,,,,
0,72,5184,3,3,,,,,,
0,72,5184,2,3,,,,,,
0,72,5184,6,3,,,,,,
0,72,5184,2,6,,,,,,
0,72,5184,3,3,,,,,,
0,72,5184,3,3,,,,,,
0,72,5184,3,3,,,,,,
0,72,5184,3,3,,,,,,
0,72,5184,2,3,,,,,,
0,72,5184,1,3,,,,,,
0,72,5184,5,3,,,,,,
0,72,5184,2,3,,,,,,
0,72,5184,2,3,,,,,,
0,72,5184,2,6,,,,,,
0,72,5184,3,3,,,,,,
0,73,5329,2,3,,,,,,
0,73,5329,3,3,,,,,,
0,73,5329,2,3,,,,,,
0,73,5329,6,3,,,,,,
0,73,5329,3,3,,,,,,
0,73,5329,6,3,,,,,,
0,73,5329,3,3,,,,,,
0,73,5329,3,3,,,,,,
0,73,5329,2,3,,,,,,
0,73,5329,2,3,,,,,,
0,73,5329,3,3,,,,,,
0,73,5329,2,3,,,,,,
0,73,5329,2,3,,,,,,
0,73,5329,3,3,,,,,,
0,73,5329,3,3,,,,,,
0,73,5329,1,3,,,,,,
0,73,5329,3,3,,,,,,
0,73,5329,3,3,,,,,,
0,73,5329,3,1,,,,,,
0,73,5329,2,3,,,,,,
0,73,5329,3,3,,,,,,
0,73,5329,6,3,,,,,,
0,73,5329,2,3,,,,,,
0,73,5329,4,3,,,,,,
0,73,5329,3,3,,,,,,
0,73,5329,2,3,,,,,,
0,73,5329,3,3,,,,,,
0,73,5329,3,3,,,,,,
0,73,5329,3,3,,,,,,
0,73,5329,3,3,,,,,,
0,73,5329,2,3,,,,,,
0,73,5329,3,3,,,,,,
0,73,5329,3,3,,,,,,
0,73,5329,3,3,,,,,,
0,73,5329,4,3,,,,,,
0,73,5329,6,3,,,,,,
0,73,5329,3,3,,,,,,
0,73,5329,1,3,,,,,,
0,73,5329,6,3,,,,,,
0,73,5329,6,3,,,,,,
0,73,5329,2,3,,,,,,
0,73,5329,5,3,,,,,,
0,73,5329,3,3,,,,,,
0,73,5329,2,3,,,,,,
0,73,5329,3,3,,,,,,
0,73,5329,4,3,,,,,,
0,73,5329,2,3,,,,,,
0,73,5329,2,3,,,,,,
0,73,5329,3,3,,,,,,
0,73,5329,4,3,,,,,,
0,74,5476,2,3,,,,,,
0,74,5476,3,3,,,,,,
0,74,5476,1,3,,,,,,
0,74,5476,2,3,,,,,,
0,74,5476,2,3,,,,,,
0,74,5476,1,3,,,,,,
0,74,5476,3,3,,,,,,
0,74,5476,4,3,,,,,,
0,74,5476,1,3,,,,,,
0,74,5476,3,3,,,,,,
0,74,5476,2,3,,,,,,
0,74,5476,3,3,,,,,,
0,74,5476,2,3,,,,,,
0,74,5476,2,3,,,,,,
0,74,5476,2,3,,,,,,
0,74,5476,3,3,,,,,,
0,74,5476,6,3,,,,,,
0,74,5476,2,3,,,,,,
0,74,5476,2,3,,,,,,
0,74,5476,3,3,,,,,,
0,74,5476,4,3,,,,,,
0,74,5476,2,3,,,,,,
0,74,5476,2,3,,,,,,
0,74,5476,4,3,,,,,,
0,74,5476,3,3,,,,,,
0,74,5476,4,3,,,,,,
0,74,5476,2,6,,,,,,
0,74,5476,3,3,,,,,,
0,74,5476,4,3,,,,,,
0,74,5476,3,3,,,,,,
0,74,5476,2,3,,,,,,
0,74,5476,6,3,,,,,,
0,74,5476,3,3,,,,,,
0,74,5476,3,3,,,,,,
0,74,5476,3,3,,,,,,
0,74,5476,3,3,,,,,,
0,74,5476,3,3,,,,,,
0,74,5476,2,3,,,,,,
0,74,5476,3,3,,,,,,
0,74,5476,3,3,,,,,,
0,74,5476,3,3,,,,,,
0,74,5476,1,4,,,,,,
0,74,5476,2,6,,,,,,
0,74,5476,6,3,,,,,,
0,74,5476,4,3,,,,,,
0,74,5476,3,3,,,,,,
0,74,5476,2,3,,,,,,
0,74,5476,3,3,,,,,,
0,74,5476,7,3,,,,,,
0,74,5476,3,3,,,,,,
0,74,5476,3,3,,,,,,
0,74,5476,3,3,,,,,,
0,74,5476,2,3,,,,,,
0,74,5476,4,3,,,,,,
0,74,5476,3,3,,,,,,
0,74,5476,3,3,,,,,,
0,74,5476,6,3,,,,,,
0,74,5476,3,3,,,,,,
0,74,5476,3,3,,,,,,
0,74,5476,2,3,,,,,,
0,74,5476,3,3,,,,,,
0,74,5476,3,3,,,,,,
0,74,5476,3,3,,,,,,
0,74,5476,5,3,,,,,,
0,74,5476,2,3,,,,,,
0,74,5476,2,3,,,,,,
0,74,5476,2,3,,,,,,
0,74,5476,3,3,,,,,,
0,74,5476,2,3,,,,,,
0,75,5625,3,3,,,,,,
0,75,5625,3,3,,,,,,
0,75,5625,3,3,,,,,,
0,75,5625,3,3,,,,,,
0,75,5625,2,3,,,,,,
0,75,5625,2,3,,,,,,
0,75,5625,4,3,,,,,,
0,75,5625,2,3,,,,,,
0,75,5625,2,3,,,,,,
0,75,5625,2,3,,,,,,
0,75,5625,3,3,,,,,,
0,75,5625,6,3,,,,,,
0,75,5625,2,3,,,,,,
0,75,5625,2,3,,,,,,
0,75,5625,3,3,,,,,,
0,75,5625,4,3,,,,,,
0,75,5625,2,3,,,,,,
0,75,5625,2,6,,,,,,
0,75,5625,3,3,,,,,,
0,75,5625,3,3,,,,,,
0,75,5625,3,3,,,,,,
0,75,5625,2,3,,,,,,
0,75,5625,6,3,,,,,,
0,75,5625,6,3,,,,,,
0,75,5625,3,3,,,,,,
0,75,5625,2,3,,,,,,
0,75,5625,3,3,,,,,,
0,75,5625,3,3,,,,,,
0,75,5625,3,3,,,,,,
0,75,5625,6,3,,,,,,
0,75,5625,2,3,,,,,,
0,75,5625,2,3,,,,,,
0,75,5625,2,3,,,,,,
0,75,5625,3,3,,,,,,
0,75,5625,3,3,,,,,,
0,75,5625,2,3,,,,,,
0,75,5625,3,3,,,,,,
0,75,5625,3,3,,,,,,
0,75,5625,3,3,,,,,,
0,75,5625,3,3,,,,,,
0,75,5625,3,3,,,,,,
0,75,5625,3,3,,,,,,
0,75,5625,3,3,,,,,,
0,75,5625,2,3,,,,,,
0,75,5625,3,3,,,,,,
0,75,5625,3,3,,,,,,
0,75,5625,3,3,,,,,,
0,75,5625,1,3,,,,,,
0,75,5625,2,3,,,,,,
0,75,5625,3,3,,,,,,
0,75,5625,3,3,,,,,,
0,75,5625,3,3,,,,,,
0,75,5625,3,3,,,,,,
0,75,5625,2,3,,,,,,
0,75,5625,6,3,,,,,,
0,75,5625,2,3,,,,,,
0,75,5625,4,3,,,,,,
0,75,5625,2,3,,,,,,
0,75,5625,2,3,,,,,,
0,75,5625,3,3,,,,,,
0,75,5625,2,3,,,,,,
0,75,5625,3,3,,,,,,
0,75,5625,2,3,,,,,,
0,75,5625,6,6,,,,,,
0,76,5776,2,3,,,,,,
0,76,5776,7,3,,,,,,
0,76,5776,2,6,,,,,,
0,76,5776,4,3,,,,,,
0,76,5776,2,3,,,,,,
0,76,5776,3,3,,,,,,
0,76,5776,2,3,,,,,,
0,76,5776,3,3,,,,,,
0,76,5776,3,3,,,,,,
0,76,5776,3,3,,,,,,
0,76,5776,1,3,,,,,,
0,76,5776,2,3,,,,,,
0,76,5776,6,3,,,,,,
0,76,5776,2,3,,,,,,
0,76,5776,3,3,,,,,,
0,76,5776,3,3,,,,,,
0,76,5776,3,3,,,,,,
0,76,5776,2,3,,,,,,
0,76,5776,3,3,,,,,,
0,76,5776,3,3,,,,,,
0,76,5776,2,3,,,,,,
0,76,5776,2,6,,,,,,
0,76,5776,3,3,,,,,,
0,76,5776,3,3,,,,,,
0,76,5776,3,3,,,,,,
0,76,5776,3,3,,,,,,
0,76,5776,2,3,,,,,,
0,76,5776,2,3,,,,,,
0,76,5776,6,3,,,,,,
0,76,5776,3,3,,,,,,
0,76,5776,3,3,,,,,,
0,76,5776,3,3,,,,,,
0,76,5776,2,3,,,,,,
0,76,5776,3,3,,,,,,
0,76,5776,2,3,,,,,,
0,76,5776,2,3,,,,,,
0,76,5776,4,3,,,,,,
0,76,5776,1,3,,,,,,
0,76,5776,3,3,,,,,,
0,76,5776,3,3,,,,,,
0,76,5776,3,3,,,,,,
0,76,5776,3,3,,,,,,
0,76,5776,3,3,,,,,,
0,76,5776,3,3,,,,,,
0,76,5776,4,3,,,,,,
0,76,5776,2,3,,,,,,
0,76,5776,2,3,,,,,,
0,77,5929,1,3,,,,,,
0,77,5929,6,3,,,,,,
0,77,5929,3,3,,,,,,
0,77,5929,3,3,,,,,,
0,77,5929,3,3,,,,,,
0,77,5929,2,3,,,,,,
0,77,5929,2,3,,,,,,
0,77,5929,3,3,,,,,,
0,77,5929,2,6,,,,,,
0,77,5929,3,3,,,,,,
0,77,5929,6,3,,,,,,
0,77,5929,3,3,,,,,,
0,77,5929,3,3,,,,,,
0,77,5929,4,3,,,,,,
0,77,5929,4,6,,,,,,
0,77,5929,3,3,,,,,,
0,77,5929,3,3,,,,,,
0,77,5929,2,3,,,,,,
0,77,5929,3,3,,,,,,
0,77,5929,2,3,,,,,,
0,77,5929,2,3,,,,,,
0,77,5929,3,3,,,,,,
0,77,5929,2,3,,,,,,
0,77,5929,2,3,,,,,,
0,77,5929,4,3,,,,,,
0,77,5929,2,3,,,,,,
0,77,5929,3,3,,,,,,
0,77,5929,2,3,,,,,,
0,77,5929,3,3,,,,,,
0,77,5929,3,3,,,,,,
0,77,5929,3,3,,,,,,
0,77,5929,3,3,,,,,,
0,77,5929,2,3,,,,,,
0,77,5929,2,3,,,,,,
0,77,5929,3,3,,,,,,
0,77,5929,6,3,,,,,,
0,77,5929,3,3,,,,,,
0,77,5929,2,3,,,,,,
0,77,5929,3,3,,,,,,
0,77,5929,3,3,,,,,,
0,78,6084,2,3,,,,,,
0,78,6084,3,3,,,,,,
0,78,6084,3,3,,,,,,
0,78,6084,2,3,,,,,,
0,78,6084,6,3,,,,,,
0,78,6084,2,3,,,,,,
0,78,6084,2,3,,,,,,
0,78,6084,1,3,,,,,,
0,78,6084,1,3,,,,,,
0,78,6084,2,3,,,,,,
0,78,6084,3,3,,,,,,
0,78,6084,3,3,,,,,,
0,78,6084,2,3,,,,,,
0,78,6084,2,3,,,,,,
0,78,6084,3,3,,,,,,
0,78,6084,3,3,,,,,,
0,78,6084,3,3,,,,,,
0,78,6084,2,3,,,,,,
0,78,6084,4,3,,,,,,
0,78,6084,3,3,,,,,,
0,78,6084,6,3,,,,,,
0,78,6084,2,3,,,,,,
0,78,6084,1,3,,,,,,
0,78,6084,3,3,,,,,,
0,78,6084,3,3,,,,,,
0,78,6084,2,6,,,,,,
0,78,6084,3,3,,,,,,
0,78,6084,2,6,,,,,,
0,78,6084,3,3,,,,,,
0,78,6084,6,4,,,,,,
0,78,6084,3,3,,,,,,
0,78,6084,2,3,,,,,,
0,78,6084,3,3,,,,,,
0,78,6084,1,3,,,,,,
0,78,6084,2,3,,,,,,
0,78,6084,2,3,,,,,,
0,78,6084,1,3,,,,,,
0,78,6084,4,3,,,,,,
0,78,6084,2,3,,,,,,
0,78,6084,3,3,,,,,,
0,78,6084,2,3,,,,,,
0,78,6084,3,3,,,,,,
0,78,6084,3,3,,,,,,
0,78,6084,2,6,,,,,,
0,78,6084,2,3,,,,,,
0,78,6084,3,3,,,,,,
0,78,6084,3,3,,,,,,
0,78,6084,2,3,,,,,,
0,78,6084,3,3,,,,,,
0,78,6084,2,3,,,,,,
0,78,6084,2,3,,,,,,
0,78,6084,2,3,,,,,,
0,78,6084,2,3,,,,,,
0,79,6241,2,3,,,,,,
0,79,6241,2,1,,,,,,
0,79,6241,3,3,,,,,,
0,79,6241,1,3,,,,,,
0,79,6241,3,3,,,,,,
0,79,6241,1,3,,,,,,
0,79,6241,3,3,,,,,,
0,79,6241,2,3,,,,,,
0,79,6241,3,3,,,,,,
0,79,6241,3,3,,,,,,
0,79,6241,6,3,,,,,,
0,79,6241,3,3,,,,,,
0,79,6241,3,3,,,,,,
0,79,6241,4,3,,,,,,
0,79,6241,2,3,,,,,,
0,79,6241,1,3,,,,,,
0,79,6241,6,3,,,,,,
0,79,6241,2,3,,,,,,
0,79,6241,2,3,,,,,,
0,79,6241,2,3,,,,,,
0,79,6241,3,3,,,,,,
0,79,6241,3,3,,,,,,
0,79,6241,2,3,,,,,,
0,79,6241,4,3,,,,,,
0,79,6241,3,3,,,,,,
0,79,6241,3,3,,,,,,
0,79,6241,2,6,,,,,,
0,79,6241,3,3,,,,,,
0,79,6241,2,6,,,,,,
0,79,6241,3,3,,,,,,
0,79,6241,2,3,,,,,,
0,79,6241,3,3,,,,,,
0,79,6241,1,3,,,,,,
0,79,6241,2,3,,,,,,
0,79,6241,4,3,,,,,,
0,79,6241,2,3,,,,,,
0,79,6241,3,3,,,,,,
0,79,6241,5,3,,,,,,
0,79,6241,3,3,,,,,,
0,79,6241,1,6,,,,,,
0,79,6241,3,3,,,,,,
0,79,6241,2,6,,,,,,
0,79,6241,1,3,,,,,,
0,79,6241,2,3,,,,,,
0,79,6241,3,3,,,,,,
0,80,6400,3,6,,,,,,
0,80,6400,2,3,,,,,,
0,80,6400,4,3,,,,,,
0,80,6400,3,3,,,,,,
0,80,6400,3,3,,,,,,
0,80,6400,3,6,,,,,,
0,80,6400,4,3,,,,,,
0,80,6400,3,3,,,,,,
0,80,6400,3,3,,,,,,
0,80,6400,3,3,,,,,,
0,80,6400,3,3,,,,,,
0,80,6400,2,3,,,,,,
0,80,6400,3,3,,,,,,
0,80,6400,2,3,,,,,,
0,80,6400,2,3,,,,,,
0,80,6400,3,3,,,,,,
0,80,6400,2,3,,,,,,
0,80,6400,1,3,,,,,,
0,80,6400,3,3,,,,,,
0,80,6400,4,3,,,,,,
0,80,6400,2,3,,,,,,
0,80,6400,2,3,,,,,,
0,80,6400,2,3,,,,,,
0,80,6400,3,3,,,,,,
0,80,6400,2,6,,,,,,
0,80,6400,2,3,,,,,,
0,80,6400,2,4,,,,,,
0,81,6561,2,3,,,,,,
0,81,6561,3,3,,,,,,
0,81,6561,3,3,,,,,,
0,81,6561,3,3,,,,,,
0,81,6561,4,3,,,,,,
0,81,6561,2,3,,,,,,
0,81,6561,2,3,,,,,,
0,81,6561,2,3,,,,,,
0,81,6561,2,3,,,,,,
0,81,6561,2,3,,,,,,
0,81,6561,3,3,,,,,,
0,81,6561,1,3,,,,,,
0,81,6561,2,3,,,,,,
0,81,6561,6,3,,,,,,
0,81,6561,4,3,,,,,,
0,81,6561,1,3,,,,,,
0,81,6561,2,3,,,,,,
0,81,6561,3,3,,,,,,
0,81,6561,3,3,,,,,,
0,81,6561,3,3,,,,,,
0,81,6561,2,3,,,,,,
0,81,6561,3,3,,,,,,
0,81,6561,3,3,,,,,,
0,81,6561,2,3,,,,,,
0,81,6561,3,3,,,,,,
0,81,6561,2,3,,,,,,
0,81,6561,3,3,,,,,,
0,81,6561,3,3,,,,,,
0,81,6561,4,3,,,,,,
0,81,6561,2,3,,,,,,
0,81,6561,3,3,,,,,,
0,81,6561,3,3,,,,,,
0,81,6561,3,3,,,,,,
0,81,6561,3,3,,,,,,
0,81,6561,3,3,,,,,,
0,82,6724,3,3,,,,,,
0,82,6724,3,3,,,,,,
0,82,6724,3,3,,,,,,
0,82,6724,2,3,,,,,,
0,82,6724,3,3,,,,,,
0,82,6724,2,3,,,,,,
0,82,6724,6,3,,,,,,
0,82,6724,3,3,,,,,,
0,82,6724,4,3,,,,,,
0,82,6724,6,3,,,,,,
0,82,6724,3,3,,,,,,
0,82,6724,2,3,,,,,,
0,82,6724,3,3,,,,,,
0,82,6724,6,3,,,,,,
0,82,6724,3,3,,,,,,
0,82,6724,3,3,,,,,,
0,82,6724,2,3,,,,,,
0,82,6724,3,3,,,,,,
0,82,6724,1,6,,,,,,
0,82,6724,2,3,,,,,,
0,82,6724,4,3,,,,,,
0,82,6724,4,3,,,,,,
0,82,6724,6,3,,,,,,
0,82,6724,2,3,,,,,,
0,82,6724,3,3,,,,,,
0,82,6724,3,3,,,,,,
0,82,6724,3,3,,,,,,
0,82,6724,1,3,,,,,,
0,82,6724,3,3,,,,,,
0,82,6724,3,3,,,,,,
0,82,6724,2,6,,,,,,
0,82,6724,3,3,,,,,,
0,82,6724,2,3,,,,,,
0,82,6724,3,3,,,,,,
0,82,6724,3,3,,,,,,
0,82,6724,2,3,,,,,,
0,82,6724,2,3,,,,,,
0,82,6724,2,3,,,,,,
0,82,6724,4,3,,,,,,
0,82,6724,6,3,,,,,,
0,82,6724,3,3,,,,,,
0,82,6724,1,6,,,,,,
0,82,6724,3,3,,,,,,
0,82,6724,3,3,,,,,,
0,83,6889,3,3,,,,,,
0,83,6889,6,3,,,,,,
0,83,6889,3,3,,,,,,
0,83,6889,3,3,,,,,,
0,83,6889,3,3,,,,,,
0,83,6889,6,3,,,,,,
0,83,6889,2,3,,,,,,
0,83,6889,3,3,,,,,,
0,83,6889,3,3,,,,,,
0,83,6889,3,3,,,,,,
0,83,6889,2,3,,,,,,
0,83,6889,3,3,,,,,,
0,83,6889,2,3,,,,,,
0,83,6889,1,3,,,,,,
0,83,6889,3,3,,,,,,
0,83,6889,3,3,,,,,,
0,83,6889,2,3,,,,,,
0,83,6889,3,3,,,,,,
0,83,6889,3,3,,,,,,
0,83,6889,6,3,,,,,,
0,83,6889,6,3,,,,,,
0,83,6889,3,3,,,,,,
0,83,6889,2,3,,,,,,
0,83,6889,1,3,,,,,,
0,84,7056,3,3,,,,,,
0,84,7056,1,3,,,,,,
0,84,7056,4,3,,,,,,
0,84,7056,1,6,,,,,,
0,84,7056,1,3,,,,,,
0,84,7056,3,3,,,,,,
0,84,7056,1,3,,,,,,
0,84,7056,2,3,,,,,,
0,84,7056,1,3,,,,,,
0,84,7056,2,3,,,,,,
0,84,7056,2,3,,,,,,
0,84,7056,3,3,,,,,,
0,84,7056,2,3,,,,,,
0,84,7056,2,3,,,,,,
0,84,7056,2,3,,,,,,
0,84,7056,1,3,,,,,,
0,84,7056,2,3,,,,,,
0,84,7056,3,3,,,,,,
0,84,7056,6,3,,,,,,
0,84,7056,4,3,,,,,,
0,84,7056,2,3,,,,,,
0,84,7056,2,3,,,,,,
0,84,7056,2,3,,,,,,
0,84,7056,1,3,,,,,,
0,84,7056,2,3,,,,,,
0,84,7056,2,3,,,,,,
0,84,7056,2,3,,,,,,
0,84,7056,2,3,,,,,,
0,84,7056,3,3,,,,,,
0,84,7056,2,3,,,,,,
0,84,7056,2,3,,,,,,
0,84,7056,3,3,,,,,,
0,84,7056,3,3,,,,,,
0,84,7056,2,3,,,,,,
0,84,7056,3,3,,,,,,
0,84,7056,2,3,,,,,,
0,84,7056,2,3,,,,,,
0,84,7056,3,3,,,,,,
0,84,7056,3,3,,,,,,
0,84,7056,2,3,,,,,,
0,84,7056,2,3,,,,,,
0,85,7225,1,6,,,,,,
0,85,7225,1,3,,,,,,
0,85,7225,1,3,,,,,,
0,85,7225,6,3,,,,,,
0,85,7225,2,3,,,,,,
0,85,7225,2,3,,,,,,
0,85,7225,2,3,,,,,,
0,85,7225,3,3,,,,,,
0,85,7225,1,3,,,,,,
0,85,7225,2,3,,,,,,
0,85,7225,3,3,,,,,,
0,85,7225,2,4,,,,,,
0,85,7225,2,3,,,,,,
0,85,7225,6,3,,,,,,
0,85,7225,2,3,,,,,,
0,85,7225,2,3,,,,,,
0,85,7225,2,3,,,,,,
0,85,7225,2,3,,,,,,
0,85,7225,3,3,,,,,,
0,85,7225,2,3,,,,,,
0,85,7225,3,3,,,,,,
0,85,7225,2,3,,,,,,
0,85,7225,4,3,,,,,,
0,85,7225,2,3,,,,,,
0,85,7225,1,3,,,,,,
0,85,7225,2,3,,,,,,
0,85,7225,3,3,,,,,,
0,85,7225,2,3,,,,,,
0,85,7225,2,3,,,,,,
0,86,7396,1,3,,,,,,
0,86,7396,2,3,,,,,,
0,86,7396,1,4,,,,,,
0,86,7396,2,3,,,,,,
0,86,7396,1,3,,,,,,
0,86,7396,3,3,,,,,,
0,86,7396,2,3,,,,,,
0,86,7396,2,3,,,,,,
0,86,7396,2,3,,,,,,
0,86,7396,3,3,,,,,,
0,86,7396,3,3,,,,,,
0,86,7396,2,3,,,,,,
0,86,7396,2,3,,,,,,
0,86,7396,2,3,,,,,,
0,86,7396,4,3,,,,,,
0,86,7396,3,3,,,,,,
0,86,7396,3,3,,,,,,
0,86,7396,1,3,,,,,,
0,86,7396,1,3,,,,,,
0,86,7396,3,3,,,,,,
0,86,7396,2,3,,,,,,
0,86,7396,3,3,,,,,,
0,86,7396,3,3,,,,,,
0,86,7396,2,3,,,,,,
0,86,7396,3,3,,,,,,
0,86,7396,1,3,,,,,,
0,86,7396,2,3,,,,,,
0,86,7396,3,3,,,,,,
0,86,7396,2,3,,,,,,
0,86,7396,1,3,,,,,,
0,86,7396,2,3,,,,,,
0,86,7396,3,3,,,,,,
0,87,7569,3,3,,,,,,
0,87,7569,6,3,,,,,,
0,87,7569,2,6,,,,,,
0,87,7569,2,3,,,,,,
0,87,7569,3,3,,,,,,
0,87,7569,2,3,,,,,,
0,87,7569,3,3,,,,,,
0,87,7569,2,3,,,,,,
0,87,7569,3,3,,,,,,
0,87,7569,4,3,,,,,,
0,87,7569,2,3,,,,,,
0,87,7569,1,3,,,,,,
0,87,7569,2,3,,,,,,
0,87,7569,2,3,,,,,,
0,87,7569,3,3,,,,,,
0,87,7569,4,3,,,,,,
0,87,7569,6,3,,,,,,
0,87,7569,2,3,,,,,,
0,87,7569,7,3,,,,,,
0,87,7569,3,3,,,,,,
0,87,7569,3,3,,,,,,
0,88,7744,3,3,,,,,,
0,88,7744,2,3,,,,,,
0,88,7744,1,3,,,,,,
0,88,7744,2,3,,,,,,
0,88,7744,2,3,,,,,,
0,88,7744,1,3,,,,,,
0,88,7744,2,3,,,,,,
0,88,7744,3,3,,,,,,
0,88,7744,1,3,,,,,,
0,88,7744,3,3,,,,,,
0,88,7744,3,3,,,,,,
0,88,7744,1,3,,,,,,
0,88,7744,3,3,,,,,,
0,88,7744,2,3,,,,,,
0,88,7744,3,3,,,,,,
0,88,7744,2,3,,,,,,
0,88,7744,3,3,,,,,,
0,88,7744,2,3,,,,,,
0,88,7744,2,3,,,,,,
0,89,7921,2,3,,,,,,
0,89,7921,3,3,,,,,,
0,89,7921,4,3,,,,,,
0,89,7921,1,3,,,,,,
0,89,7921,1,3,,,,,,
0,89,7921,2,3,,,,,,
0,89,7921,3,3,,,,,,
0,89,7921,2,3,,,,,,
0,89,7921,2,3,,,,,,
0,89,7921,3,3,,,,,,
0,89,7921,3,3,,,,,,
0,89,7921,2,6,,,,,,
0,89,7921,2,3,,,,,,
0,89,7921,1,3,,,,,,
0,89,7921,3,3,,,,,,
0,89,7921,2,6,,,,,,
0,89,7921,3,3,,,,,,
0,89,7921,2,3,,,,,,
0,89,7921,2,3,,,,,,
0,89,7921,2,3,,,,,,
0,89,7921,2,3,,,,,,
0,90,8100,6,3,,,,,,
0,90,8100,2,3,,,,,,
0,90,8100,2,3,,,,,,
0,90,8100,2,3,,,,,,
0,90,8100,3,3,,,,,,
0,90,8100,6,3,,,,,,
0,90,8100,2,3,,,,,,
0,90,8100,4,3,,,,,,
0,90,8100,2,3,,,,,,
0,90,8100,1,3,,,,,,
0,90,8100,1,3,,,,,,
0,90,8100,2,3,,,,,,
0,90,8100,3,3,,,,,,
0,90,8100,2,3,,,,,,
0,90,8100,1,3,,,,,,
0,90,8100,2,3,,,,,,
0,90,8100,1,3,,,,,,
0,90,8100,3,3,,,,,,
0,90,8100,3,3,,,,,,
0,90,8100,3,3,,,,,,
0,90,8100,3,3,,,,,,
0,90,8100,2,3,,,,,,
0,91,8281,3,3,,,,,,
0,91,8281,2,3,,,,,,
0,91,8281,1,3,,,,,,
0,91,8281,2,6,,,,,,
0,91,8281,2,3,,,,,,
0,91,8281,3,3,,,,,,
0,91,8281,2,3,,,,,,
0,91,8281,2,6,,,,,,
0,91,8281,3,3,,,,,,
0,91,8281,2,3,,,,,,
0,92,8464,2,3,,,,,,
0,92,8464,2,6,,,,,,
0,92,8464,1,3,,,,,,
0,92,8464,1,3,,,,,,
0,92,8464,2,3,,,,,,
0,92,8464,1,3,,,,,,
0,92,8464,3,3,,,,,,
0,92,8464,3,3,,,,,,
0,92,8464,3,3,,,,,,
0,92,8464,6,3,,,,,,
0,92,8464,3,3,,,,,,
0,92,8464,3,3,,,,,,
0,92,8464,7,6,,,,,,
0,92,8464,2,3,,,,,,
0,92,8464,4,3,,,,,,
0,93,8649,3,3,,,,,,
0,93,8649,2,3,,,,,,
0,93,8649,1,3,,,,,,
0,93,8649,3,3,,,,,,
0,93,8649,4,3,,,,,,
0,93,8649,2,6,,,,,,
0,94,8836,6,3,,,,,,
0,94,8836,3,3,,,,,,
0,94,8836,2,3,,,,,,
0,94,8836,3,3,,,,,,
0,94,8836,1,3,,,,,,
0,94,8836,3,3,,,,,,
0,94,8836,2,3,,,,,,
0,94,8836,2,6,,,,,,
0,95,9025,3,6,,,,,,
0,95,9025,2,3,,,,,,
0,95,9025,2,3,,,,,,
0,95,9025,3,3,,,,,,
0,96,9216,4,3,,,,,,
0,96,9216,3,3,,,,,,
0,96,9216,1,3,,,,,,
0,96,9216,1,3,,,,,,
0,97,9409,2,3,,,,,,
0,97,9409,3,3,,,,,,
0,97,9409,1,3,,,,,,
0,97,9409,1,4,,,,,,
0,98,9604,3,3,,,,,,
0,98,9604,2,3,,,,,,
0,98,9604,2,6,,,,,,
0,98,9604,3,3,,,,,,
0,98,9604,4,6,,,,,,
0,99,9801,3,3,,,,,,
0,101,10201,3,3,,,,,,
